2021-12,92191
2021-12,7640
2021-12,47985
2021-12,29247
2021-12,124997
2021-12,54788
2021-12,20071
2021-12,6161
2021-12,1250
2021-12,150928
2021-12,68601
2021-12,380
2021-12,1462
2021-12,24776
2021-12,437647
2021-12,117333
2021-12,20883
2021-12,22229
2021-12,375026
2021-12,40638
2021-12,11932
2021-12,41
2021-12,21663
2021-12,18710
2021-12,77489
2021-12,71660
2021-12,36523
2021-12,61316
2021-12,14798
2021-12,8112
2021-12,14598
2021-12,13160
2021-12,13598
2021-12,17967
2021-12,38797
2021-12,65191
2021-12,6550
2021-12,75074
2021-12,43321
2021-12,39198
2021-12,120487
2021-12,6892
2021-12,2792
2021-12,42392
2021-12,9034
2021-12,92922
2021-12,186352
2021-12,91536
2021-12,4583
2021-12,180
2021-12,62755
2021-12,69015
2021-12,23083
2021-12,65899
2021-12,8442
2021-11,74158
2021-11,7342
2021-11,38933
2021-11,23744
2021-11,112977
2021-11,48728
2021-11,20566
2021-11,5334
2021-11,1288
2021-11,129708
2021-11,56981
2021-11,386
2021-11,1568
2021-11,22754
2021-11,303670
2021-11,117778
2021-11,18495
2021-11,19934
2021-11,372237
2021-11,34641
2021-11,10571
2021-11,38
2021-11,20191
2021-11,18318
2021-11,73622
2021-11,70470
2021-11,29567
2021-11,51965
2021-11,12714
2021-11,7416
2021-11,12209
2021-11,10798
2021-11,14453
2021-11,14427
2021-11,36471
2021-11,58875
2021-11,6273
2021-11,70492
2021-11,36936
2021-11,36231
2021-11,109089
2021-11,7020
2021-11,2706
2021-11,36603
2021-11,8717
2021-11,78252
2021-11,150809
2021-11,85831
2021-11,3683
2021-11,181
2021-11,54909
2021-11,56444
2021-11,20461
2021-11,66983
2021-11,7241
2021-10,66499
2021-10,7572
2021-10,38523
2021-10,21518
2021-10,114144
2021-10,46964
2021-10,20467
2021-10,5221
2021-10,1342
2021-10,125938
2021-10,54202
2021-10,403
2021-10,1570
2021-10,20322
2021-10,251681
2021-10,112228
2021-10,18119
2021-10,17529
2021-10,370434
2021-10,31793
2021-10,12019
2021-10,31
2021-10,18940
2021-10,19178
2021-10,71295
2021-10,84006
2021-10,23487
2021-10,47730
2021-10,13967
2021-10,6555
2021-10,13143
2021-10,11369
2021-10,13908
2021-10,14055
2021-10,38053
2021-10,53753
2021-10,7361
2021-10,61404
2021-10,30359
2021-10,35098
2021-10,110047
2021-10,7089
2021-10,2418
2021-10,35878
2021-10,10049
2021-10,69638
2021-10,146593
2021-10,88155
2021-10,4300
2021-10,169
2021-10,49467
2021-10,61127
2021-10,16759
2021-10,68017
2021-10,6027
2021-09,65900
2021-09,6520
2021-09,40033
2021-09,20536
2021-09,116704
2021-09,45908
2021-09,17742
2021-09,4469
2021-09,1076
2021-09,124186
2021-09,52797
2021-09,392
2021-09,1674
2021-09,18890
2021-09,347462
2021-09,105065
2021-09,16929
2021-09,16789
2021-09,370706
2021-09,27258
2021-09,11473
2021-09,56
2021-09,17893
2021-09,18819
2021-09,71059
2021-09,74716
2021-09,21872
2021-09,43082
2021-09,12450
2021-09,6264
2021-09,13084
2021-09,11013
2021-09,14237
2021-09,14497
2021-09,38177
2021-09,53482
2021-09,6432
2021-09,56777
2021-09,28779
2021-09,34563
2021-09,101592
2021-09,6031
2021-09,2433
2021-09,35025
2021-09,7924
2021-09,64531
2021-09,154778
2021-09,86418
2021-09,3993
2021-09,153
2021-09,44779
2021-09,58393
2021-09,15034
2021-09,65312
2021-09,6136
2021-08,66233
2021-08,7020
2021-08,37365
2021-08,19683
2021-08,120959
2021-08,46385
2021-08,17890
2021-08,4978
2021-08,1070
2021-08,121803
2021-08,55189
2021-08,410
2021-08,1672
2021-08,19548
2021-08,426563
2021-08,119061
2021-08,17734
2021-08,16276
2021-08,375270
2021-08,25498
2021-08,9094
2021-08,29
2021-08,19019
2021-08,20836
2021-08,67496
2021-08,75595
2021-08,23812
2021-08,42099
2021-08,11364
2021-08,6598
2021-08,15001
2021-08,10786
2021-08,16100
2021-08,14287
2021-08,34819
2021-08,53133
2021-08,6074
2021-08,57745
2021-08,27611
2021-08,33854
2021-08,103036
2021-08,5953
2021-08,2326
2021-08,35795
2021-08,7440
2021-08,68672
2021-08,144254
2021-08,95834
2021-08,3650
2021-08,129
2021-08,45911
2021-08,53524
2021-08,14672
2021-08,64208
2021-08,5871
2021-07,66051
2021-07,6620
2021-07,38125
2021-07,18454
2021-07,116701
2021-07,44778
2021-07,16773
2021-07,5141
2021-07,1059
2021-07,125688
2021-07,57185
2021-07,405
2021-07,1135
2021-07,19461
2021-07,656778
2021-07,106359
2021-07,20275
2021-07,15630
2021-07,332946
2021-07,29811
2021-07,8988
2021-07,28
2021-07,18623
2021-07,20756
2021-07,64503
2021-07,66916
2021-07,20536
2021-07,42119
2021-07,10260
2021-07,6213
2021-07,13659
2021-07,10441
2021-07,15550
2021-07,13935
2021-07,33235
2021-07,56487
2021-07,5435
2021-07,58041
2021-07,28287
2021-07,30975
2021-07,99708
2021-07,6340
2021-07,2408
2021-07,34420
2021-07,6744
2021-07,89125
2021-07,135551
2021-07,101228
2021-07,3662
2021-07,210
2021-07,45531
2021-07,50887
2021-07,14625
2021-07,59969
2021-07,5706
2021-06,72284
2021-06,6415
2021-06,38539
2021-06,21231
2021-06,125609
2021-06,44970
2021-06,25840
2021-06,5009
2021-06,976
2021-06,129351
2021-06,60489
2021-06,391
2021-06,1319
2021-06,18741
2021-06,764884
2021-06,120670
2021-06,16152
2021-06,15021
2021-06,323280
2021-06,31317
2021-06,8012
2021-06,30
2021-06,19155
2021-06,18490
2021-06,67663
2021-06,64977
2021-06,21165
2021-06,42011
2021-06,10195
2021-06,5385
2021-06,14049
2021-06,9633
2021-06,17559
2021-06,13679
2021-06,33448
2021-06,59187
2021-06,5350
2021-06,60907
2021-06,27597
2021-06,33011
2021-06,100422
2021-06,6969
2021-06,2427
2021-06,36050
2021-06,5973
2021-06,109743
2021-06,147120
2021-06,96829
2021-06,3301
2021-06,315
2021-06,47216
2021-06,53104
2021-06,13096
2021-06,59860
2021-06,5963
2021-05,66937
2021-05,7145
2021-05,56581
2021-05,24206
2021-05,119739
2021-05,50079
2021-05,31313
2021-05,5308
2021-05,768
2021-05,133237
2021-05,61003
2021-05,379
2021-05,1169
2021-05,18674
2021-05,998326
2021-05,165454
2021-05,16280
2021-05,15534
2021-05,158983
2021-05,29406
2021-05,8326
2021-05,22
2021-05,20904
2021-05,19639
2021-05,71704
2021-05,72677
2021-05,22302
2021-05,46842
2021-05,11537
2021-05,6096
2021-05,15840
2021-05,10959
2021-05,19911
2021-05,14349
2021-05,34892
2021-05,58045
2021-05,5581
2021-05,63051
2021-05,29379
2021-05,35296
2021-05,102373
2021-05,7164
2021-05,2648
2021-05,37018
2021-05,7275
2021-05,63517
2021-05,158526
2021-05,113089
2021-05,3551
2021-05,118
2021-05,46767
2021-05,56038
2021-05,14022
2021-05,60229
2021-05,6381
2021-04,88232
2021-04,9078
2021-04,55830
2021-04,26952
2021-04,126285
2021-04,60918
2021-04,33213
2021-04,7514
2021-04,1050
2021-04,162912
2021-04,78993
2021-04,363
2021-04,1357
2021-04,26291
2021-04,955439
2021-04,186853
2021-04,24056
2021-04,20588
2021-04,38414
2021-04,37415
2021-04,11564
2021-04,17
2021-04,25666
2021-04,22964
2021-04,92922
2021-04,95577
2021-04,30960
2021-04,58530
2021-04,14996
2021-04,8798
2021-04,19013
2021-04,14643
2021-04,25086
2021-04,19471
2021-04,42226
2021-04,75043
2021-04,7571
2021-04,83165
2021-04,38393
2021-04,41443
2021-04,132512
2021-04,6732
2021-04,3633
2021-04,43879
2021-04,9516
2021-04,77525
2021-04,187843
2021-04,119014
2021-04,5031
2021-04,171
2021-04,59893
2021-04,68676
2021-04,20522
2021-04,72407
2021-04,7861
2021-03,107474
2021-03,10170
2021-03,65805
2021-03,34134
2021-03,143742
2021-03,69757
2021-03,28021
2021-03,7280
2021-03,1035
2021-03,178247
2021-03,95449
2021-03,404
2021-03,1770
2021-03,34839
2021-03,1427917
2021-03,206884
2021-03,32870
2021-03,26915
2021-03,330476
2021-03,46633
2021-03,14536
2021-03,29
2021-03,30754
2021-03,28257
2021-03,112066
2021-03,105224
2021-03,38031
2021-03,77617
2021-03,18329
2021-03,10860
2021-03,21101
2021-03,17186
2021-03,24563
2021-03,23024
2021-03,49158
2021-03,90090
2021-03,9200
2021-03,98474
2021-03,48568
2021-03,49752
2021-03,154301
2021-03,5475
2021-03,4957
2021-03,55773
2021-03,12430
2021-03,93979
2021-03,222409
2021-03,112572
2021-03,5909
2021-03,206
2021-03,72438
2021-03,74860
2021-03,27426
2021-03,76885
2021-03,9348
2021-02,74710
2021-02,6667
2021-02,45496
2021-02,18916
2021-02,119784
2021-02,50485
2021-02,19748
2021-02,5245
2021-02,920
2021-02,138870
2021-02,73120
2021-02,301
2021-02,1507
2021-02,21223
2021-02,902020
2021-02,195162
2021-02,30572
2021-02,17528
2021-02,378499
2021-02,26669
2021-02,8985
2021-02,16
2021-02,23931
2021-02,23711
2021-02,80944
2021-02,75898
2021-02,20971
2021-02,48646
2021-02,11876
2021-02,7870
2021-02,15615
2021-02,12651
2021-02,20242
2021-02,15609
2021-02,36115
2021-02,72430
2021-02,6057
2021-02,68106
2021-02,29006
2021-02,34957
2021-02,114482
2021-02,4339
2021-02,3998
2021-02,40032
2021-02,9208
2021-02,62346
2021-02,134310
2021-02,89891
2021-02,3874
2021-02,159
2021-02,53222
2021-02,61409
2021-02,17914
2021-02,52251
2021-02,6382
2021-01,105602
2021-01,9018
2021-01,60548
2021-01,30085
2021-01,134432
2021-01,65051
2021-01,25606
2021-01,7408
2021-01,1076
2021-01,190817
2021-01,92903
2021-01,304
2021-01,1504
2021-01,28243
2021-01,1002118
2021-01,262684
2021-01,34313
2021-01,26195
2021-01,421790
2021-01,40266
2021-01,13693
2021-01,27
2021-01,31014
2021-01,29570
2021-01,120227
2021-01,87583
2021-01,34093
2021-01,72234
2021-01,18154
2021-01,10509
2021-01,19266
2021-01,19214
2021-01,28230
2021-01,19689
2021-01,49184
2021-01,86017
2021-01,8662
2021-01,98651
2021-01,48278
2021-01,49755
2021-01,160116
2021-01,4377
2021-01,5190
2021-01,52622
2021-01,12571
2021-01,94262
2021-01,212208
2021-01,101167
2021-01,6012
2021-01,154
2021-01,72451
2021-01,73369
2021-01,26626
2021-01,73836
2021-01,9266
,38573127
,
2020-12,100927
2020-12,8896
2020-12,54547
2020-12,31618
2020-12,135442
2020-12,60239
2020-12,21344
2020-12,6666
2020-12,1108
2020-12,172948
2020-12,86651
2020-12,286
2020-12,2006
2020-12,27543
2020-12,829983
2020-12,263130
2020-12,31037
2020-12,23874
2020-12,407522
2020-12,44689
2020-12,11646
2020-12,29
2020-12,29285
2020-12,24487
2020-12,94439
2020-12,81484
2020-12,38101
2020-12,66672
2020-12,17091
2020-12,10963
2020-12,17338
2020-12,14450
2020-12,21162
2020-12,19437
2020-12,44870
2020-12,81676
2020-12,8085
2020-12,85200
2020-12,45342
2020-12,46574
2020-12,126942
2020-12,4439
2020-12,4002
2020-12,49457
2020-12,11737
2020-12,90064
2020-12,205616
2020-12,98918
2020-12,5110
2020-12,211
2020-12,70034
2020-12,73730
2020-12,24557
2020-12,61539
2020-12,9736
2020-11,91839
2020-11,8510
2020-11,54444
2020-11,30770
2020-11,130793
2020-11,61362
2020-11,21498
2020-11,7568
2020-11,1066
2020-11,176987
2020-11,80510
2020-11,345
2020-11,1722
2020-11,25663
2020-11,550784
2020-11,242048
2020-11,24215
2020-11,24622
2020-11,377139
2020-11,43007
2020-11,12310
2020-11,13
2020-11,31332
2020-11,27378
2020-11,105882
2020-11,84754
2020-11,34182
2020-11,65193
2020-11,15410
2020-11,10926
2020-11,18343
2020-11,16772
2020-11,22951
2020-11,15706
2020-11,49623
2020-11,83270
2020-11,7883
2020-11,94205
2020-11,43560
2020-11,44818
2020-11,149401
2020-11,3604
2020-11,4966
2020-11,50441
2020-11,12543
2020-11,86872
2020-11,197225
2020-11,105024
2020-11,4957
2020-11,217
2020-11,68774
2020-11,72267
2020-11,25147
2020-11,71736
2020-11,9719
2020-10,80934
2020-10,7564
2020-10,52521
2020-10,27177
2020-10,151359
2020-10,59132
2020-10,21481
2020-10,7430
2020-10,1507
2020-10,175783
2020-10,77979
2020-10,354
2020-10,2113
2020-10,24014
2020-10,473595
2020-10,227056
2020-10,22738
2020-10,19430
2020-10,181425
2020-10,35224
2020-10,14836
2020-10,28
2020-10,33842
2020-10,27772
2020-10,108742
2020-10,95792
2020-10,27815
2020-10,58729
2020-10,15414
2020-10,9068
2020-10,18838
2020-10,15340
2020-10,21495
2020-10,16739
2020-10,50434
2020-10,81490
2020-10,8115
2020-10,85170
2020-10,35083
2020-10,44350
2020-10,145680
2020-10,4595
2020-10,5178
2020-10,47060
2020-10,11563
2020-10,79718
2020-10,192162
2020-10,119117
2020-10,5214
2020-10,222
2020-10,67233
2020-10,71759
2020-10,21199
2020-10,72837
2020-10,7464
2020-09,80478
2020-09,7897
2020-09,51287
2020-09,24043
2020-09,139313
2020-09,54479
2020-09,20091
2020-09,6381
2020-09,1469
2020-09,154982
2020-09,72354
2020-09,254
2020-09,1536
2020-09,22515
2020-09,421030
2020-09,203253
2020-09,19871
2020-09,17660
2020-09,36139
2020-09,33496
2020-09,12747
2020-09,30
2020-09,30948
2020-09,26145
2020-09,101789
2020-09,86830
2020-09,25757
2020-09,52222
2020-09,14808
2020-09,9145
2020-09,16097
2020-09,13429
2020-09,20811
2020-09,15923
2020-09,45684
2020-09,74810
2020-09,7362
2020-09,76519
2020-09,34288
2020-09,40282
2020-09,134626
2020-09,3227
2020-09,4666
2020-09,41395
2020-09,9707
2020-09,73612
2020-09,178136
2020-09,114600
2020-09,4645
2020-09,92
2020-09,56930
2020-09,67228
2020-09,19251
2020-09,68257
2020-09,7427
2020-08,85347
2020-08,9363
2020-08,54095
2020-08,23980
2020-08,145797
2020-08,57388
2020-08,17534
2020-08,6367
2020-08,1541
2020-08,167138
2020-08,75656
2020-08,256
2020-08,1623
2020-08,19797
2020-08,587224
2020-08,206454
2020-08,17660
2020-08,18687
2020-08,39157
2020-08,32594
2020-08,10576
2020-08,16
2020-08,27273
2020-08,24176
2020-08,102703
2020-08,83801
2020-08,31482
2020-08,53388
2020-08,13882
2020-08,8606
2020-08,19831
2020-08,12934
2020-08,16954
2020-08,16672
2020-08,42443
2020-08,77846
2020-08,7060
2020-08,80387
2020-08,34218
2020-08,40503
2020-08,131205
2020-08,3152
2020-08,4235
2020-08,41169
2020-08,9280
2020-08,77894
2020-08,188091
2020-08,131552
2020-08,4345
2020-08,62
2020-08,62251
2020-08,66713
2020-08,19728
2020-08,65771
2020-08,7370
2020-07,107490
2020-07,10108
2020-07,60330
2020-07,27647
2020-07,149685
2020-07,59666
2020-07,19494
2020-07,6935
2020-07,898
2020-07,190975
2020-07,96979
2020-07,385
2020-07,1841
2020-07,23392
2020-07,714424
2020-07,176861
2020-07,19035
2020-07,20532
2020-07,292534
2020-07,42103
2020-07,10688
2020-07,21
2020-07,26326
2020-07,23816
2020-07,109466
2020-07,79160
2020-07,35159
2020-07,60576
2020-07,13741
2020-07,8913
2020-07,21769
2020-07,13743
2020-07,14414
2020-07,17525
2020-07,44795
2020-07,82831
2020-07,6731
2020-07,86125
2020-07,38922
2020-07,41314
2020-07,142966
2020-07,2908
2020-07,4303
2020-07,46905
2020-07,8612
2020-07,99943
2020-07,213969
2020-07,100294
2020-07,4466
2020-07,260
2020-07,71082
2020-07,71472
2020-07,22194
2020-07,59871
2020-07,7598
2020-06,139873
2020-06,9060
2020-06,74055
2020-06,30792
2020-06,158349
2020-06,66038
2020-06,18215
2020-06,8225
2020-06,897
2020-06,210415
2020-06,106541
2020-06,391
2020-06,1660
2020-06,28744
2020-06,706404
2020-06,141947
2020-06,24450
2020-06,22817
2020-06,395188
2020-06,44903
2020-06,12090
2020-06,17
2020-06,25932
2020-06,24165
2020-06,110604
2020-06,86100
2020-06,36894
2020-06,67609
2020-06,16018
2020-06,9080
2020-06,24146
2020-06,16371
2020-06,13578
2020-06,20850
2020-06,52252
2020-06,90593
2020-06,7747
2020-06,97568
2020-06,44095
2020-06,47918
2020-06,151738
2020-06,3533
2020-06,5332
2020-06,55636
2020-06,9844
2020-06,103807
2020-06,227232
2020-06,96050
2020-06,4920
2020-06,150
2020-06,84124
2020-06,73517
2020-06,24389
2020-06,68738
2020-06,7901
2020-05,80519
2020-05,8883
2020-05,51098
2020-05,25917
2020-05,110823
2020-05,49967
2020-05,10935
2020-05,4858
2020-05,538
2020-05,115815
2020-05,63658
2020-05,334
2020-05,1494
2020-05,21863
2020-05,661470
2020-05,92156
2020-05,17359
2020-05,20044
2020-05,394969
2020-05,32565
2020-05,10674
2020-05,13
2020-05,18282
2020-05,16371
2020-05,78813
2020-05,70553
2020-05,29067
2020-05,57221
2020-05,14809
2020-05,5502
2020-05,17987
2020-05,12817
2020-05,9681
2020-05,17442
2020-05,26764
2020-05,61155
2020-05,6179
2020-05,69739
2020-05,36214
2020-05,41224
2020-05,87752
2020-05,1524
2020-05,3232
2020-05,42137
2020-05,7379
2020-05,95314
2020-05,179192
2020-05,89255
2020-05,4973
2020-05,34
2020-05,58898
2020-05,53922
2020-05,21549
2020-05,49535
2020-05,6272
2020-04,70748
2020-04,8560
2020-04,59986
2020-04,30575
2020-04,122999
2020-04,52249
2020-04,12986
2020-04,5701
2020-04,552
2020-04,128670
2020-04,52299
2020-04,222
2020-04,1818
2020-04,21747
2020-04,632564
2020-04,88276
2020-04,26108
2020-04,18994
2020-04,205536
2020-04,31559
2020-04,11589
2020-04,9
2020-04,20963
2020-04,7934
2020-04,53914
2020-04,75099
2020-04,29581
2020-04,58011
2020-04,14690
2020-04,7517
2020-04,18621
2020-04,14935
2020-04,9072
2020-04,13216
2020-04,27035
2020-04,67465
2020-04,6803
2020-04,68812
2020-04,42054
2020-04,44816
2020-04,76134
2020-04,97
2020-04,3988
2020-04,39327
2020-04,8487
2020-04,77829
2020-04,197343
2020-04,96612
2020-04,5618
2020-04,49
2020-04,64835
2020-04,57202
2020-04,22429
2020-04,55375
2020-04,8566
2020-03,92652
2020-03,9939
2020-03,82771
2020-03,31651
2020-03,164497
2020-03,77305
2020-03,23103
2020-03,8123
2020-03,692
2020-03,192234
2020-03,84601
2020-03,271
2020-03,1843
2020-03,30989
2020-03,645109
2020-03,129016
2020-03,24652
2020-03,29816
2020-03,235305
2020-03,42015
2020-03,14627
2020-03,5
2020-03,29414
2020-03,23579
2020-03,107492
2020-03,96654
2020-03,33583
2020-03,76262
2020-03,16885
2020-03,11154
2020-03,22236
2020-03,22466
2020-03,10922
2020-03,24571
2020-03,59787
2020-03,83077
2020-03,9136
2020-03,114086
2020-03,50194
2020-03,59115
2020-03,125013
2020-03,862
2020-03,6169
2020-03,50953
2020-03,11332
2020-03,88458
2020-03,274211
2020-03,101382
2020-03,7023
2020-03,122
2020-03,83675
2020-03,75529
2020-03,26346
2020-03,77811
2020-03,8847
2020-02,75336
2020-02,5466
2020-02,37100
2020-02,21445
2020-02,95430
2020-02,40549
2020-02,16851
2020-02,4321
2020-02,551
2020-02,116238
2020-02,54250
2020-02,245
2020-02,1264
2020-02,18476
2020-02,620067
2020-02,85107
2020-02,20889
2020-02,17535
2020-02,398247
2020-02,24696
2020-02,7966
2020-02,15
2020-02,15005
2020-02,18525
2020-02,47557
2020-02,61603
2020-02,24788
2020-02,48705
2020-02,10448
2020-02,6616
2020-02,13069
2020-02,10549
2020-02,8548
2020-02,15076
2020-02,31863
2020-02,52252
2020-02,5498
2020-02,63156
2020-02,34408
2020-02,33430
2020-02,93240
2020-02,1819
2020-02,2597
2020-02,36085
2020-02,7962
2020-02,57867
2020-02,142928
2020-02,83113
2020-02,3642
2020-02,71
2020-02,67257
2020-02,48418
2020-02,20942
2020-02,41799
2020-02,5500
2020-01,79332
2020-01,4706
2020-01,33224
2020-01,19126
2020-01,96567
2020-01,42133
2020-01,15695
2020-01,4482
2020-01,666
2020-01,110019
2020-01,52557
2020-01,229
2020-01,1182
2020-01,16541
2020-01,612411
2020-01,80283
2020-01,22600
2020-01,15578
2020-01,367301
2020-01,23686
2020-01,7400
2020-01,26
2020-01,13961
2020-01,18235
2020-01,47110
2020-01,56561
2020-01,20420
2020-01,43596
2020-01,9499
2020-01,7021
2020-01,11074
2020-01,10856
2020-01,8313
2020-01,13095
2020-01,32390
2020-01,53819
2020-01,4866
2020-01,55784
2020-01,31908
2020-01,31752
2020-01,88224
2020-01,1911
2020-01,2701
2020-01,30365
2020-01,7002
2020-01,53382
2020-01,129176
2020-01,80856
2020-01,3052
2020-01,149
2020-01,68420
2020-01,49714
2020-01,17974
2020-01,38349
2020-01,4984
,39326079
,
2019-12,100100
2019-12,7840
2019-12,38171
2019-12,25699
2019-12,106600
2019-12,47496
2019-12,13289
2019-12,4920
2019-12,755
2019-12,128789
2019-12,63154
2019-12,294
2019-12,1199
2019-12,20609
2019-12,548192
2019-12,81766
2019-12,19747
2019-12,20244
2019-12,405291
2019-12,35358
2019-12,8806
2019-12,10
2019-12,15005
2019-12,15069
2019-12,49209
2019-12,58701
2019-12,32804
2019-12,58129
2019-12,12540
2019-12,8271
2019-12,12762
2019-12,10232
2019-12,8427
2019-12,15629
2019-12,32574
2019-12,54582
2019-12,6058
2019-12,69642
2019-12,41600
2019-12,37374
2019-12,96382
2019-12,2138
2019-12,2406
2019-12,37962
2019-12,8999
2019-12,75036
2019-12,166241
2019-12,87883
2019-12,3484
2019-12,110
2019-12,76559
2019-12,52234
2019-12,22990
2019-12,41584
2019-12,7556
2019-11,77657
2019-11,7213
2019-11,31352
2019-11,23192
2019-11,92765
2019-11,39682
2019-11,13789
2019-11,4258
2019-11,595
2019-11,107274
2019-11,48604
2019-11,181
2019-11,923
2019-11,17385
2019-11,450084
2019-11,80002
2019-11,20819
2019-11,17643
2019-11,391747
2019-11,28692
2019-11,8297
2019-11,13
2019-11,14459
2019-11,16649
2019-11,51439
2019-11,55511
2019-11,26494
2019-11,51008
2019-11,10295
2019-11,6208
2019-11,10424
2019-11,9538
2019-11,7955
2019-11,13508
2019-11,33832
2019-11,48107
2019-11,5738
2019-11,65092
2019-11,40823
2019-11,32305
2019-11,92011
2019-11,2273
2019-11,2149
2019-11,31593
2019-11,8510
2019-11,58890
2019-11,140598
2019-11,76354
2019-11,3094
2019-11,242
2019-11,57662
2019-11,40764
2019-11,20851
2019-11,43909
2019-11,5411
2019-10,63254
2019-10,8281
2019-10,28833
2019-10,19303
2019-10,96252
2019-10,37564
2019-10,12574
2019-10,3982
2019-10,933
2019-10,97214
2019-10,43417
2019-10,217
2019-10,1102
2019-10,19392
2019-10,478329
2019-10,77713
2019-10,16605
2019-10,13324
2019-10,303650
2019-10,24893
2019-10,9912
2019-10,16
2019-10,13720
2019-10,18059
2019-10,44078
2019-10,62920
2019-10,19167
2019-10,44498
2019-10,11496
2019-10,5807
2019-10,10464
2019-10,9754
2019-10,7327
2019-10,12265
2019-10,33982
2019-10,42903
2019-10,5886
2019-10,50834
2019-10,28794
2019-10,30395
2019-10,86066
2019-10,2189
2019-10,2050
2019-10,26707
2019-10,8783
2019-10,45015
2019-10,121299
2019-10,76361
2019-10,3348
2019-10,150
2019-10,40490
2019-10,42984
2019-10,18239
2019-10,39395
2019-10,5067
2019-09,56872
2019-09,6106
2019-09,29307
2019-09,16285
2019-09,95540
2019-09,35333
2019-09,12365
2019-09,3356
2019-09,610
2019-09,89815
2019-09,39794
2019-09,209
2019-09,969
2019-09,15818
2019-09,483162
2019-09,72951
2019-09,12081
2019-09,11473
2019-09,286064
2019-09,23463
2019-09,8510
2019-09,16
2019-09,11386
2019-09,16991
2019-09,40925
2019-09,54733
2019-09,16974
2019-09,36924
2019-09,10091
2019-09,5065
2019-09,9285
2019-09,8940
2019-09,7372
2019-09,11850
2019-09,32332
2019-09,38305
2019-09,5455
2019-09,44767
2019-09,25203
2019-09,28008
2019-09,77630
2019-09,1878
2019-09,1842
2019-09,23280
2019-09,6932
2019-09,40468
2019-09,121718
2019-09,73084
2019-09,2991
2019-09,117
2019-09,37059
2019-09,38130
2019-09,17740
2019-09,36278
2019-09,5176
2019-08,69377
2019-08,6796
2019-08,33851
2019-08,18303
2019-08,99146
2019-08,38755
2019-08,13326
2019-08,3547
2019-08,386
2019-08,107318
2019-08,45508
2019-08,248
2019-08,1025
2019-08,16411
2019-08,491715
2019-08,74022
2019-08,11760
2019-08,13227
2019-08,315348
2019-08,23780
2019-08,7686
2019-08,9
2019-08,11823
2019-08,19189
2019-08,39967
2019-08,53571
2019-08,21951
2019-08,42413
2019-08,9931
2019-08,5396
2019-08,10782
2019-08,9617
2019-08,7721
2019-08,13906
2019-08,26227
2019-08,44438
2019-08,5228
2019-08,50963
2019-08,29350
2019-08,29328
2019-08,83346
2019-08,2486
2019-08,1895
2019-08,27354
2019-08,6971
2019-08,46533
2019-08,133647
2019-08,74699
2019-08,2936
2019-08,149
2019-08,41457
2019-08,40144
2019-08,16501
2019-08,35146
2019-08,4754
2019-07,51757
2019-07,5298
2019-07,26325
2019-07,13684
2019-07,89532
2019-07,33812
2019-07,13362
2019-07,2873
2019-07,375
2019-07,84024
2019-07,34787
2019-07,200
2019-07,1045
2019-07,19637
2019-07,439458
2019-07,61139
2019-07,11507
2019-07,10662
2019-07,319270
2019-07,17385
2019-07,5437
2019-07,13
2019-07,9891
2019-07,15272
2019-07,31607
2019-07,42454
2019-07,13918
2019-07,31627
2019-07,8110
2019-07,4044
2019-07,8635
2019-07,7439
2019-07,7049
2019-07,11128
2019-07,22471
2019-07,36694
2019-07,3794
2019-07,39206
2019-07,22754
2019-07,24493
2019-07,66052
2019-07,2317
2019-07,1561
2019-07,21886
2019-07,5323
2019-07,43647
2019-07,91183
2019-07,76002
2019-07,2183
2019-07,75
2019-07,32513
2019-07,37439
2019-07,12289
2019-07,25170
2019-07,4469
2019-06,42898
2019-06,5557
2019-06,26746
2019-06,13956
2019-06,115987
2019-06,34773
2019-06,14041
2019-06,3204
2019-06,305
2019-06,85730
2019-06,34910
2019-06,181
2019-06,857
2019-06,17541
2019-06,373166
2019-06,273660
2019-06,10933
2019-06,10622
2019-06,369622
2019-06,17509
2019-06,5809
2019-06,18
2019-06,9839
2019-06,16256
2019-06,32369
2019-06,45667
2019-06,13809
2019-06,32674
2019-06,8276
2019-06,4411
2019-06,9248
2019-06,8018
2019-06,7208
2019-06,11056
2019-06,23636
2019-06,34768
2019-06,3914
2019-06,42122
2019-06,23701
2019-06,25185
2019-06,66423
2019-06,2946
2019-06,1609
2019-06,23186
2019-06,5566
2019-06,44802
2019-06,101762
2019-06,69438
2019-06,2269
2019-06,109
2019-06,33543
2019-06,83436
2019-06,12841
2019-06,28507
2019-06,4447
2019-05,43908
2019-05,6376
2019-05,28950
2019-05,15317
2019-05,111816
2019-05,36814
2019-05,14737
2019-05,3694
2019-05,417
2019-05,88204
2019-05,37444
2019-05,163
2019-05,1105
2019-05,17565
2019-05,381771
2019-05,292587
2019-05,12850
2019-05,11538
2019-05,332076
2019-05,19274
2019-05,6552
2019-05,17
2019-05,10904
2019-05,18007
2019-05,35352
2019-05,56564
2019-05,15190
2019-05,34114
2019-05,8603
2019-05,4495
2019-05,9769
2019-05,8193
2019-05,7693
2019-05,11856
2019-05,26731
2019-05,38637
2019-05,4312
2019-05,43850
2019-05,24627
2019-05,26970
2019-05,72244
2019-05,2653
2019-05,1813
2019-05,24977
2019-05,5792
2019-05,44913
2019-05,107763
2019-05,77058
2019-05,2659
2019-05,91
2019-05,30515
2019-05,53125
2019-05,13173
2019-05,30307
2019-05,4793
2019-04,41146
2019-04,6505
2019-04,30222
2019-04,15812
2019-04,114466
2019-04,39433
2019-04,15726
2019-04,3807
2019-04,409
2019-04,93693
2019-04,40952
2019-04,150
2019-04,1212
2019-04,16004
2019-04,405464
2019-04,106096
2019-04,15144
2019-04,11933
2019-04,381411
2019-04,19650
2019-04,7375
2019-04,15
2019-04,12537
2019-04,17738
2019-04,40570
2019-04,72720
2019-04,15894
2019-04,35825
2019-04,9419
2019-04,5267
2019-04,10524
2019-04,9389
2019-04,8173
2019-04,12483
2019-04,31154
2019-04,42651
2019-04,5135
2019-04,53819
2019-04,26528
2019-04,30299
2019-04,79853
2019-04,2427
2019-04,2175
2019-04,24607
2019-04,6581
2019-04,48624
2019-04,106112
2019-04,77263
2019-04,3236
2019-04,114
2019-04,35052
2019-04,53377
2019-04,15583
2019-04,38561
2019-04,4821
2019-03,51923
2019-03,7136
2019-03,37340
2019-03,22246
2019-03,123056
2019-03,46915
2019-03,18362
2019-03,4985
2019-03,417
2019-03,114001
2019-03,56804
2019-03,195
2019-03,1129
2019-03,18314
2019-03,376018
2019-03,98597
2019-03,20108
2019-03,17353
2019-03,379268
2019-03,25970
2019-03,8766
2019-03,18
2019-03,15083
2019-03,20670
2019-03,51698
2019-03,75386
2019-03,23090
2019-03,51487
2019-03,11143
2019-03,6878
2019-03,13856
2019-03,11684
2019-03,8410
2019-03,16850
2019-03,35004
2019-03,53896
2019-03,5990
2019-03,70826
2019-03,35704
2019-03,35949
2019-03,105892
2019-03,2554
2019-03,2640
2019-03,33312
2019-03,8174
2019-03,66433
2019-03,141056
2019-03,82398
2019-03,4054
2019-03,140
2019-03,48527
2019-03,61812
2019-03,21859
2019-03,47671
2019-03,5880
2019-02,46203
2019-02,5233
2019-02,32776
2019-02,20289
2019-02,96970
2019-02,40467
2019-02,15040
2019-02,3682
2019-02,364
2019-02,101991
2019-02,48900
2019-02,178
2019-02,1032
2019-02,16965
2019-02,190886
2019-02,71892
2019-02,15181
2019-02,15224
2019-02,328572
2019-02,24345
2019-02,6794
2019-02,19
2019-02,12190
2019-02,18604
2019-02,39073
2019-02,50984
2019-02,21681
2019-02,42502
2019-02,8224
2019-02,5759
2019-02,11643
2019-02,10213
2019-02,7030
2019-02,14727
2019-02,28043
2019-02,49154
2019-02,4420
2019-02,57518
2019-02,32166
2019-02,28726
2019-02,84567
2019-02,2406
2019-02,2105
2019-02,29811
2019-02,6992
2019-02,62785
2019-02,135931
2019-02,27648
2019-02,3172
2019-02,120
2019-02,41532
2019-02,47674
2019-02,18810
2019-02,34612
2019-02,4842
2019-01,44989
2019-01,4582
2019-01,29039
2019-01,17258
2019-01,98502
2019-01,38491
2019-01,16324
2019-01,4119
2019-01,360
2019-01,97486
2019-01,44839
2019-01,181
2019-01,1068
2019-01,13634
2019-01,331325
2019-01,160140
2019-01,16067
2019-01,13767
2019-01,308573
2019-01,21945
2019-01,6682
2019-01,25
2019-01,11976
2019-01,19812
2019-01,35884
2019-01,53145
2019-01,17416
2019-01,36657
2019-01,7695
2019-01,6635
2019-01,10920
2019-01,9156
2019-01,6892
2019-01,11571
2019-01,29388
2019-01,46230
2019-01,4459
2019-01,49856
2019-01,28793
2019-01,28668
2019-01,77420
2019-01,2368
2019-01,2093
2019-01,23546
2019-01,6803
2019-01,58167
2019-01,119902
2019-01,25082
2019-01,2417
2019-01,127
2019-01,37857
2019-01,56051
2019-01,15320
2019-01,34545
2019-01,4075
,28007320
,
2018-12,54383
2018-12,7251
2018-12,36275
2018-12,26272
2018-12,110017
2018-12,50544
2018-12,16119
2018-12,5024
2018-12,223
2018-12,120419
2018-12,58400
2018-12,205
2018-12,1106
2018-12,19937
2018-12,302031
2018-12,76653
2018-12,17188
2018-12,19707
2018-12,404143
2018-12,37030
2018-12,9349
2018-12,10
2018-12,14251
2018-12,17968
2018-12,45271
2018-12,56506
2018-12,31697
2018-12,56347
2018-12,11523
2018-12,7870
2018-12,13017
2018-12,11247
2018-12,7784
2018-12,15956
2018-12,36322
2018-12,51028
2018-12,5805
2018-12,72587
2018-12,40599
2018-12,36216
2018-12,98737
2018-12,2395
2018-12,2196
2018-12,31823
2018-12,9052
2018-12,76042
2018-12,165244
2018-12,24726
2018-12,3729
2018-12,122
2018-12,52942
2018-12,70974
2018-12,24786
2018-12,43572
2018-12,6666
2018-11,45345
2018-11,6645
2018-11,30385
2018-11,24475
2018-11,106380
2018-11,44094
2018-11,14751
2018-11,4178
2018-11,290
2018-11,105975
2018-11,49784
2018-11,191
2018-11,1188
2018-11,15793
2018-11,296910
2018-11,69171
2018-11,17001
2018-11,17477
2018-11,422343
2018-11,32383
2018-11,7769
2018-11,12
2018-11,13684
2018-11,19392
2018-11,47460
2018-11,48884
2018-11,26230
2018-11,50096
2018-11,10113
2018-11,7306
2018-11,10787
2018-11,10049
2018-11,7339
2018-11,14338
2018-11,33969
2018-11,47992
2018-11,5861
2018-11,69894
2018-11,37716
2018-11,31878
2018-11,93168
2018-11,3014
2018-11,2134
2018-11,27082
2018-11,9456
2018-11,71786
2018-11,141813
2018-11,21266
2018-11,2964
2018-11,117
2018-11,46478
2018-11,65316
2018-11,22695
2018-11,45446
2018-11,5442
2018-10,37123
2018-10,7768
2018-10,25560
2018-10,19762
2018-10,101623
2018-10,37586
2018-10,14477
2018-10,3418
2018-10,203
2018-10,82628
2018-10,40579
2018-10,180
2018-10,1204
2018-10,16855
2018-10,237224
2018-10,59386
2018-10,15518
2018-10,13063
2018-10,413568
2018-10,24412
2018-10,9299
2018-10,14
2018-10,11919
2018-10,17969
2018-10,40370
2018-10,54993
2018-10,18379
2018-10,41162
2018-10,10772
2018-10,6358
2018-10,8971
2018-10,9364
2018-10,6718
2018-10,11295
2018-10,32273
2018-10,39478
2018-10,6188
2018-10,51806
2018-10,27641
2018-10,27591
2018-10,80946
2018-10,2760
2018-10,1914
2018-10,21279
2018-10,9023
2018-10,54302
2018-10,112356
2018-10,19215
2018-10,3234
2018-10,143
2018-10,35497
2018-10,48505
2018-10,17523
2018-10,37142
2018-10,4740
2018-09,32706
2018-09,5699
2018-09,30667
2018-09,17072
2018-09,91975
2018-09,35347
2018-09,12754
2018-09,2843
2018-09,203
2018-09,78804
2018-09,36097
2018-09,120
2018-09,975
2018-09,15566
2018-09,228695
2018-09,51787
2018-09,13861
2018-09,11429
2018-09,409385
2018-09,25058
2018-09,7926
2018-09,8
2018-09,10237
2018-09,16320
2018-09,34781
2018-09,43339
2018-09,17683
2018-09,35005
2018-09,9770
2018-09,4763
2018-09,8486
2018-09,9009
2018-09,6138
2018-09,11160
2018-09,29374
2018-09,29572
2018-09,5226
2018-09,45698
2018-09,22160
2018-09,26644
2018-09,70420
2018-09,2490
2018-09,1621
2018-09,20159
2018-09,7305
2018-09,46134
2018-09,121366
2018-09,18221
2018-09,3590
2018-09,99
2018-09,33627
2018-09,42874
2018-09,15411
2018-09,33194
2018-09,4988
2018-08,37227
2018-08,6818
2018-08,34149
2018-08,20502
2018-08,103019
2018-08,40922
2018-08,14338
2018-08,2914
2018-08,329
2018-08,89711
2018-08,40046
2018-08,133
2018-08,1129
2018-08,14312
2018-08,242864
2018-08,60712
2018-08,14306
2018-08,12690
2018-08,411800
2018-08,24273
2018-08,6951
2018-08,13
2018-08,11281
2018-08,17975
2018-08,36381
2018-08,41548
2018-08,20545
2018-08,37674
2018-08,9309
2018-08,4456
2018-08,9350
2018-08,9005
2018-08,7216
2018-08,12038
2018-08,27145
2018-08,39800
2018-08,4700
2018-08,50289
2018-08,24190
2018-08,25648
2018-08,74944
2018-08,2816
2018-08,1733
2018-08,27280
2018-08,7156
2018-08,52483
2018-08,134727
2018-08,22634
2018-08,2781
2018-08,59
2018-08,34578
2018-08,44867
2018-08,15366
2018-08,32732
2018-08,4445
2018-07,32572
2018-07,5714
2018-07,26359
2018-07,19399
2018-07,94672
2018-07,37788
2018-07,13650
2018-07,2840
2018-07,246
2018-07,82909
2018-07,34244
2018-07,145
2018-07,1057
2018-07,14478
2018-07,198971
2018-07,60457
2018-07,10329
2018-07,11364
2018-07,393583
2018-07,20229
2018-07,5968
2018-07,15
2018-07,10020
2018-07,14275
2018-07,32443
2018-07,36279
2018-07,14206
2018-07,30157
2018-07,7794
2018-07,4220
2018-07,8903
2018-07,8029
2018-07,6857
2018-07,10485
2018-07,22405
2018-07,35244
2018-07,3791
2018-07,45689
2018-07,19932
2018-07,23171
2018-07,66391
2018-07,2268
2018-07,1472
2018-07,17434
2018-07,5385
2018-07,48261
2018-07,122071
2018-07,22301
2018-07,2313
2018-07,138
2018-07,32931
2018-07,41040
2018-07,13136
2018-07,26598
2018-07,4118
2018-06,32572
2018-06,6330
2018-06,28041
2018-06,18809
2018-06,99683
2018-06,38395
2018-06,14440
2018-06,3211
2018-06,259
2018-06,88991
2018-06,35963
2018-06,146
2018-06,1170
2018-06,15401
2018-06,225006
2018-06,74423
2018-06,10904
2018-06,11501
2018-06,411606
2018-06,22339
2018-06,6156
2018-06,17
2018-06,10333
2018-06,15930
2018-06,33308
2018-06,38204
2018-06,15858
2018-06,32616
2018-06,8746
2018-06,4418
2018-06,9442
2018-06,8511
2018-06,7413
2018-06,11259
2018-06,23921
2018-06,37350
2018-06,4124
2018-06,47756
2018-06,22471
2018-06,26685
2018-06,71106
2018-06,2522
2018-06,1685
2018-06,18597
2018-06,5779
2018-06,47938
2018-06,108008
2018-06,29176
2018-06,2725
2018-06,116
2018-06,32496
2018-06,44090
2018-06,14127
2018-06,26403
2018-06,4362
2018-05,33193
2018-05,7548
2018-05,28285
2018-05,17667
2018-05,104498
2018-05,41583
2018-05,14409
2018-05,3674
2018-05,289
2018-05,95481
2018-05,39528
2018-05,156
2018-05,1187
2018-05,18243
2018-05,233963
2018-05,78143
2018-05,13766
2018-05,11062
2018-05,395487
2018-05,20265
2018-05,6847
2018-05,13
2018-05,11990
2018-05,18574
2018-05,35563
2018-05,47533
2018-05,15999
2018-05,31607
2018-05,8952
2018-05,5165
2018-05,10327
2018-05,9875
2018-05,8037
2018-05,11432
2018-05,25621
2018-05,43211
2018-05,4539
2018-05,51734
2018-05,21697
2018-05,28305
2018-05,75296
2018-05,2616
2018-05,1887
2018-05,17103
2018-05,5720
2018-05,50613
2018-05,111159
2018-05,31638
2018-05,2818
2018-05,136
2018-05,32135
2018-05,46008
2018-05,17108
2018-05,28841
2018-05,4820
2018-04,34915
2018-04,7367
2018-04,31658
2018-04,18240
2018-04,121478
2018-04,47462
2018-04,15269
2018-04,4988
2018-04,321
2018-04,102426
2018-04,43671
2018-04,155
2018-04,1393
2018-04,16974
2018-04,238774
2018-04,78367
2018-04,17457
2018-04,13184
2018-04,409485
2018-04,22491
2018-04,8745
2018-04,22
2018-04,14105
2018-04,17983
2018-04,44190
2018-04,64410
2018-04,17470
2018-04,38859
2018-04,9795
2018-04,6643
2018-04,11470
2018-04,11372
2018-04,8958
2018-04,12859
2018-04,33326
2018-04,47770
2018-04,5793
2018-04,65456
2018-04,25345
2018-04,32494
2018-04,91401
2018-04,2224
2018-04,2332
2018-04,19286
2018-04,7040
2018-04,53166
2018-04,114704
2018-04,29213
2018-04,5081
2018-04,133
2018-04,37720
2018-04,51693
2018-04,22379
2018-04,41542
2018-04,5065
2018-03,50610
2018-03,7800
2018-03,41551
2018-03,24492
2018-03,136228
2018-03,61839
2018-03,18091
2018-03,6298
2018-03,381
2018-03,137997
2018-03,67791
2018-03,146
2018-03,1420
2018-03,24342
2018-03,271714
2018-03,121376
2018-03,21697
2018-03,18772
2018-03,421247
2018-03,31519
2018-03,10684
2018-03,25
2018-03,17841
2018-03,22326
2018-03,59589
2018-03,72268
2018-03,27387
2018-03,58076
2018-03,13402
2018-03,9048
2018-03,14322
2018-03,14184
2018-03,10195
2018-03,18357
2018-03,37050
2018-03,61950
2018-03,6803
2018-03,91247
2018-03,35317
2018-03,41616
2018-03,123031
2018-03,2072
2018-03,3528
2018-03,29427
2018-03,10135
2018-03,71458
2018-03,161200
2018-03,33649
2018-03,6177
2018-03,195
2018-03,55765
2018-03,66587
2018-03,40701
2018-03,56482
2018-03,6476
2018-02,45171
2018-02,5392
2018-02,36281
2018-02,24266
2018-02,107649
2018-02,47221
2018-02,15617
2018-02,4651
2018-02,217
2018-02,119561
2018-02,57838
2018-02,146
2018-02,1074
2018-02,20359
2018-02,185288
2018-02,81904
2018-02,17387
2018-02,18016
2018-02,417418
2018-02,26449
2018-02,7816
2018-02,20
2018-02,13245
2018-02,16463
2018-02,44706
2018-02,49636
2018-02,25182
2018-02,49381
2018-02,9983
2018-02,7585
2018-02,12407
2018-02,11486
2018-02,8459
2018-02,15891
2018-02,31129
2018-02,53082
2018-02,5116
2018-02,73240
2018-02,31763
2018-02,32397
2018-02,98075
2018-02,2076
2018-02,2646
2018-02,28968
2018-02,8086
2018-02,66667
2018-02,155942
2018-02,22632
2018-02,3870
2018-02,41
2018-02,47385
2018-02,53915
2018-02,23344
2018-02,43777
2018-02,5057
2018-01,38477
2018-01,4429
2018-01,28627
2018-01,17483
2018-01,119910
2018-01,41989
2018-01,13775
2018-01,3684
2018-01,283
2018-01,98243
2018-01,45591
2018-01,135
2018-01,1185
2018-01,15060
2018-01,170007
2018-01,83769
2018-01,19745
2018-01,13782
2018-01,402376
2018-01,20744
2018-01,5850
2018-01,10
2018-01,12564
2018-01,16120
2018-01,35895
2018-01,50478
2018-01,16642
2018-01,35204
2018-01,7448
2018-01,6645
2018-01,9952
2018-01,8758
2018-01,8010
2018-01,11783
2018-01,26079
2018-01,43439
2018-01,4388
2018-01,52079
2018-01,23460
2018-01,27037
2018-01,78428
2018-01,2022
2018-01,1882
2018-01,22311
2018-01,6556
2018-01,55251
2018-01,123042
2018-01,21187
2018-01,2268
2018-01,137
2018-01,35206
2018-01,51432
2018-01,15102
2018-01,36791
2018-01,3971
,25769441
,
2017-12,56545
2017-12,8330
2017-12,41559
2017-12,29559
2017-12,142492
2017-12,59800
2017-12,15455
2017-12,5544
2017-12,204
2017-12,137355
2017-12,64491
2017-12,181
2017-12,1119
2017-12,19750
2017-12,163756
2017-12,92261
2017-12,19236
2017-12,23133
2017-12,417841
2017-12,41735
2017-12,9364
2017-12,23
2017-12,16062
2017-12,17941
2017-12,45578
2017-12,51143
2017-12,35528
2017-12,62810
2017-12,12979
2017-12,8953
2017-12,13626
2017-12,12035
2017-12,9341
2017-12,18635
2017-12,36347
2017-12,57209
2017-12,6528
2017-12,78726
2017-12,41245
2017-12,38537
2017-12,107730
2017-12,2767
2017-12,2269
2017-12,38260
2017-12,10507
2017-12,87983
2017-12,181236
2017-12,27220
2017-12,3759
2017-12,131
2017-12,60398
2017-12,58937
2017-12,27273
2017-12,47120
2017-12,6940
2017-11,47418
2017-11,7527
2017-11,34541
2017-11,26049
2017-11,140695
2017-11,51473
2017-11,14334
2017-11,4577
2017-11,365
2017-11,123397
2017-11,54950
2017-11,127
2017-11,1171
2017-11,15772
2017-11,150588
2017-11,75879
2017-11,17182
2017-11,20460
2017-11,404508
2017-11,35485
2017-11,8578
2017-11,21
2017-11,16266
2017-11,17548
2017-11,54350
2017-11,48087
2017-11,28188
2017-11,56129
2017-11,11107
2017-11,8303
2017-11,12064
2017-11,11627
2017-11,9433
2017-11,16110
2017-11,37306
2017-11,51839
2017-11,6334
2017-11,76732
2017-11,38406
2017-11,34103
2017-11,104479
2017-11,2307
2017-11,2173
2017-11,34132
2017-11,9908
2017-11,74800
2017-11,163358
2017-11,24359
2017-11,3240
2017-11,86
2017-11,53142
2017-11,53072
2017-11,24455
2017-11,48683
2017-11,5665
2017-10,36619
2017-10,8080
2017-10,29277
2017-10,20327
2017-10,119395
2017-10,40163
2017-10,13201
2017-10,3692
2017-10,217
2017-10,103032
2017-10,43293
2017-10,135
2017-10,1235
2017-10,15130
2017-10,122798
2017-10,55336
2017-10,14012
2017-10,15018
2017-10,401155
2017-10,27436
2017-10,10328
2017-10,9
2017-10,13651
2017-10,16842
2017-10,44262
2017-10,55012
2017-10,19080
2017-10,43987
2017-10,11673
2017-10,6543
2017-10,10198
2017-10,10371
2017-10,7852
2017-10,13543
2017-10,32615
2017-10,43211
2017-10,6209
2017-10,56960
2017-10,25822
2017-10,27786
2017-10,87064
2017-10,1306
2017-10,2103
2017-10,28996
2017-10,9244
2017-10,55531
2017-10,129869
2017-10,19619
2017-10,3463
2017-10,68
2017-10,40293
2017-10,48147
2017-10,18256
2017-10,43183
2017-10,4370
2017-09,32019
2017-09,6303
2017-09,28394
2017-09,17747
2017-09,123506
2017-09,35873
2017-09,12117
2017-09,3502
2017-09,61
2017-09,77390
2017-09,35371
2017-09,135
2017-09,948
2017-09,14938
2017-09,116449
2017-09,48524
2017-09,9975
2017-09,12856
2017-09,398706
2017-09,27821
2017-09,8715
2017-09,16
2017-09,11255
2017-09,15460
2017-09,36944
2017-09,44552
2017-09,17491
2017-09,37571
2017-09,10283
2017-09,5345
2017-09,9460
2017-09,10689
2017-09,7165
2017-09,12491
2017-09,30703
2017-09,37325
2017-09,5212
2017-09,49942
2017-09,23371
2017-09,27277
2017-09,77003
2017-09,791
2017-09,1799
2017-09,25930
2017-09,7457
2017-09,50945
2017-09,128260
2017-09,20041
2017-09,3084
2017-09,9
2017-09,36446
2017-09,43049
2017-09,16723
2017-09,37506
2017-09,4281
2017-08,35038
2017-08,6946
2017-08,29376
2017-08,17517
2017-08,130901
2017-08,37150
2017-08,14019
2017-08,3509
2017-08,80
2017-08,96664
2017-08,38830
2017-08,159
2017-08,1079
2017-08,13341
2017-08,126921
2017-08,47649
2017-08,9416
2017-08,13097
2017-08,394718
2017-08,24694
2017-08,7751
2017-08,27
2017-08,11561
2017-08,16258
2017-08,39255
2017-08,46613
2017-08,21963
2017-08,37449
2017-08,9618
2017-08,5209
2017-08,9035
2017-08,9313
2017-08,7443
2017-08,11690
2017-08,28779
2017-08,41122
2017-08,4874
2017-08,51103
2017-08,24061
2017-08,24904
2017-08,79020
2017-08,1490
2017-08,1718
2017-08,31663
2017-08,6686
2017-08,49945
2017-08,110946
2017-08,22010
2017-08,2676
2017-08,132
2017-08,39114
2017-08,42120
2017-08,14770
2017-08,40924
2017-08,4111
2017-07,31474
2017-07,6487
2017-07,25714
2017-07,14015
2017-07,114595
2017-07,33811
2017-07,14525
2017-07,2981
2017-07,68
2017-07,92822
2017-07,35085
2017-07,145
2017-07,1109
2017-07,11871
2017-07,108000
2017-07,47145
2017-07,8801
2017-07,13775
2017-07,390494
2017-07,20454
2017-07,5837
2017-07,13
2017-07,10088
2017-07,12900
2017-07,33378
2017-07,41186
2017-07,14388
2017-07,32415
2017-07,7890
2017-07,4266
2017-07,8310
2017-07,8333
2017-07,7034
2017-07,10580
2017-07,25576
2017-07,34784
2017-07,4136
2017-07,49432
2017-07,20738
2017-07,23239
2017-07,73654
2017-07,1381
2017-07,1646
2017-07,26567
2017-07,6068
2017-07,52643
2017-07,98338
2017-07,17925
2017-07,2275
2017-07,151
2017-07,36183
2017-07,38369
2017-07,13970
2017-07,32846
2017-07,3398
2017-06,35687
2017-06,6353
2017-06,28359
2017-06,16614
2017-06,130187
2017-06,36459
2017-06,16504
2017-06,3634
2017-06,74
2017-06,100508
2017-06,39874
2017-06,156
2017-06,1083
2017-06,20241
2017-06,113889
2017-06,49689
2017-06,8352
2017-06,13485
2017-06,392002
2017-06,23497
2017-06,6474
2017-06,12
2017-06,10945
2017-06,15841
2017-06,37088
2017-06,44775
2017-06,17154
2017-06,36752
2017-06,9901
2017-06,4265
2017-06,10602
2017-06,9184
2017-06,7790
2017-06,11398
2017-06,27677
2017-06,39169
2017-06,4939
2017-06,53164
2017-06,24632
2017-06,27103
2017-06,76201
2017-06,1631
2017-06,1899
2017-06,32995
2017-06,6704
2017-06,52959
2017-06,118091
2017-06,22138
2017-06,2382
2017-06,153
2017-06,36838
2017-06,46023
2017-06,14498
2017-06,36267
2017-06,3975
2017-05,33331
2017-05,6442
2017-05,28734
2017-05,16749
2017-05,129307
2017-05,36008
2017-05,16149
2017-05,4012
2017-05,82
2017-05,96556
2017-05,36905
2017-05,157
2017-05,1117
2017-05,13065
2017-05,121746
2017-05,54347
2017-05,10232
2017-05,12337
2017-05,391740
2017-05,21311
2017-05,7200
2017-05,12
2017-05,11660
2017-05,16651
2017-05,38548
2017-05,55570
2017-05,15680
2017-05,34965
2017-05,9418
2017-05,5025
2017-05,9803
2017-05,8868
2017-05,8694
2017-05,11291
2017-05,31294
2017-05,39413
2017-05,4654
2017-05,56229
2017-05,22693
2017-05,26466
2017-05,79725
2017-05,1600
2017-05,1883
2017-05,31248
2017-05,7004
2017-05,57763
2017-05,109732
2017-05,23844
2017-05,2577
2017-05,79
2017-05,36007
2017-05,45816
2017-05,15085
2017-05,37888
2017-05,4128
2017-04,32652
2017-04,6983
2017-04,32052
2017-04,16452
2017-04,132190
2017-04,39989
2017-04,16406
2017-04,4296
2017-04,104
2017-04,103641
2017-04,37829
2017-04,147
2017-04,888
2017-04,15234
2017-04,135507
2017-04,63298
2017-04,13017
2017-04,15139
2017-04,392685
2017-04,22065
2017-04,8115
2017-04,13
2017-04,13182
2017-04,17866
2017-04,41939
2017-04,71484
2017-04,16803
2017-04,40019
2017-04,10293
2017-04,5745
2017-04,10588
2017-04,10792
2017-04,9119
2017-04,12748
2017-04,33113
2017-04,39992
2017-04,6504
2017-04,66800
2017-04,27478
2017-04,27936
2017-04,85908
2017-04,1387
2017-04,2133
2017-04,30218
2017-04,7857
2017-04,57852
2017-04,109961
2017-04,23177
2017-04,3818
2017-04,111
2017-04,48631
2017-04,47895
2017-04,16988
2017-04,45872
2017-04,4269
2017-03,48769
2017-03,6971
2017-03,38170
2017-03,23290
2017-03,146592
2017-03,45645
2017-03,18787
2017-03,5527
2017-03,111
2017-03,122716
2017-03,57235
2017-03,136
2017-03,1090
2017-03,16675
2017-03,163728
2017-03,79624
2017-03,20026
2017-03,17891
2017-03,397959
2017-03,29310
2017-03,9632
2017-03,11
2017-03,15769
2017-03,21059
2017-03,54452
2017-03,77749
2017-03,24421
2017-03,52928
2017-03,12396
2017-03,7337
2017-03,14158
2017-03,13529
2017-03,10993
2017-03,14963
2017-03,35608
2017-03,55574
2017-03,6461
2017-03,81153
2017-03,30518
2017-03,32423
2017-03,110334
2017-03,1560
2017-03,2553
2017-03,43113
2017-03,9770
2017-03,74655
2017-03,144270
2017-03,26941
2017-03,4051
2017-03,96
2017-03,49368
2017-03,58069
2017-03,22529
2017-03,58739
2017-03,5315
2017-02,46251
2017-02,5917
2017-02,37388
2017-02,22548
2017-02,129885
2017-02,43577
2017-02,15209
2017-02,5066
2017-02,93
2017-02,117892
2017-02,53177
2017-02,132
2017-02,1037
2017-02,14936
2017-02,139697
2017-02,136193
2017-02,15025
2017-02,19211
2017-02,313748
2017-02,27684
2017-02,7731
2017-02,0
2017-02,14852
2017-02,18130
2017-02,48382
2017-02,62051
2017-02,24043
2017-02,50850
2017-02,10386
2017-02,7122
2017-02,11765
2017-02,12282
2017-02,9601
2017-02,15364
2017-02,31910
2017-02,51627
2017-02,6193
2017-02,74257
2017-02,30840
2017-02,29183
2017-02,95585
2017-02,1259
2017-02,2354
2017-02,41969
2017-02,9754
2017-02,69264
2017-02,137470
2017-02,24889
2017-02,3594
2017-02,106
2017-02,47038
2017-02,52154
2017-02,22449
2017-02,50720
2017-02,4554
2017-01,41542
2017-01,4500
2017-01,31366
2017-01,16762
2017-01,130365
2017-01,37047
2017-01,15073
2017-01,4299
2017-01,81
2017-01,104576
2017-01,44615
2017-01,205
2017-01,866
2017-01,11146
2017-01,138008
2017-01,80412
2017-01,15707
2017-01,15049
2017-01,345924
2017-01,27709
2017-01,6865
2017-01,2
2017-01,13368
2017-01,19996
2017-01,39067
2017-01,85322
2017-01,17113
2017-01,39098
2017-01,7994
2017-01,6205
2017-01,10013
2017-01,12067
2017-01,9274
2017-01,10966
2017-01,31567
2017-01,46548
2017-01,4933
2017-01,58574
2017-01,24547
2017-01,22210
2017-01,85948
2017-01,1332
2017-01,2147
2017-01,31829
2017-01,7614
2017-01,83613
2017-01,117903
2017-01,18314
2017-01,2691
2017-01,88
2017-01,37369
2017-01,46027
2017-01,15772
2017-01,46775
2017-01,3705
,24955919
,
2016-12,62014
2016-12,8786
2016-12,44887
2016-12,29926
2016-12,298161
2016-12,55428
2016-12,17825
2016-12,6356
2016-12,71
2016-12,144983
2016-12,68269
2016-12,172
2016-12,1141
2016-12,17034
2016-12,137994
2016-12,95672
2016-12,18090
2016-12,22282
2016-12,397059
2016-12,51493
2016-12,10528
2016-12,0
2016-12,17984
2016-12,19842
2016-12,47834
2016-12,60056
2016-12,36091
2016-12,63289
2016-12,12610
2016-12,8790
2016-12,14889
2016-12,14305
2016-12,10577
2016-12,17518
2016-12,40292
2016-12,65145
2016-12,6261
2016-12,88178
2016-12,43082
2016-12,35754
2016-12,111913
2016-12,1664
2016-12,2542
2016-12,43044
2016-12,10739
2016-12,74884
2016-12,181572
2016-12,29485
2016-12,3977
2016-12,67
2016-12,62649
2016-12,59181
2016-12,27242
2016-12,56928
2016-12,6560
2016-11,50477
2016-11,8514
2016-11,39722
2016-11,26901
2016-11,224039
2016-11,54418
2016-11,17223
2016-11,5791
2016-11,56
2016-11,134638
2016-11,58723
2016-11,176
2016-11,1347
2016-11,13965
2016-11,161604
2016-11,92535
2016-11,18540
2016-11,22646
2016-11,330444
2016-11,39979
2016-11,10506
2016-11,4
2016-11,17647
2016-11,21581
2016-11,56137
2016-11,62666
2016-11,29113
2016-11,57501
2016-11,12074
2016-11,9086
2016-11,14476
2016-11,15256
2016-11,11317
2016-11,15116
2016-11,43009
2016-11,59658
2016-11,6494
2016-11,88928
2016-11,40123
2016-11,33555
2016-11,118378
2016-11,1590
2016-11,2658
2016-11,39711
2016-11,11622
2016-11,74722
2016-11,157519
2016-11,26928
2016-11,3503
2016-11,76
2016-11,58362
2016-11,56963
2016-11,25378
2016-11,65277
2016-11,5814
2016-10,43251
2016-10,9383
2016-10,34134
2016-10,22709
2016-10,180968
2016-10,45337
2016-10,16048
2016-10,5757
2016-10,61
2016-10,111657
2016-10,48308
2016-10,220
2016-10,1277
2016-10,14160
2016-10,169348
2016-10,72085
2016-10,14908
2016-10,17656
2016-10,378973
2016-10,32820
2016-10,12954
2016-10,1
2016-10,14405
2016-10,19500
2016-10,49099
2016-10,70854
2016-10,21433
2016-10,50651
2016-10,13411
2016-10,7834
2016-10,12026
2016-10,15045
2016-10,10175
2016-10,13089
2016-10,37907
2016-10,49372
2016-10,7283
2016-10,71864
2016-10,28578
2016-10,28948
2016-10,103095
2016-10,1429
2016-10,2448
2016-10,31780
2016-10,12670
2016-10,56652
2016-10,144467
2016-10,23339
2016-10,3769
2016-10,66
2016-10,46862
2016-10,57746
2016-10,20035
2016-10,63442
2016-10,5228
2016-09,41336
2016-09,6867
2016-09,33390
2016-09,18826
2016-09,159077
2016-09,40013
2016-09,14955
2016-09,4160
2016-09,52
2016-09,102843
2016-09,41621
2016-09,189
2016-09,1247
2016-09,12611
2016-09,127535
2016-09,63820
2016-09,12094
2016-09,14051
2016-09,298753
2016-09,33656
2016-09,10550
2016-09,1
2016-09,12161
2016-09,17481
2016-09,41363
2016-09,58507
2016-09,19705
2016-09,41437
2016-09,11479
2016-09,6099
2016-09,10434
2016-09,13329
2016-09,9309
2016-09,11867
2016-09,33599
2016-09,46452
2016-09,5883
2016-09,58828
2016-09,25309
2016-09,26487
2016-09,86424
2016-09,1383
2016-09,2052
2016-09,28988
2016-09,9284
2016-09,48546
2016-09,126694
2016-09,19914
2016-09,3130
2016-09,75
2016-09,38779
2016-09,48147
2016-09,18079
2016-09,59639
2016-09,5086
2016-08,42455
2016-08,7194
2016-08,33422
2016-08,21692
2016-08,176770
2016-08,40996
2016-08,27353
2016-08,4169
2016-08,62
2016-08,114446
2016-08,44370
2016-08,170
2016-08,1305
2016-08,11635
2016-08,185912
2016-08,79202
2016-08,12518
2016-08,13770
2016-08,29746
2016-08,30716
2016-08,8204
2016-08,3
2016-08,12510
2016-08,18138
2016-08,41493
2016-08,51700
2016-08,26351
2016-08,44182
2016-08,10672
2016-08,6405
2016-08,10520
2016-08,12039
2016-08,9728
2016-08,12341
2016-08,30808
2016-08,46518
2016-08,5461
2016-08,62418
2016-08,25927
2016-08,22911
2016-08,86652
2016-08,1370
2016-08,2090
2016-08,31389
2016-08,7873
2016-08,60971
2016-08,124608
2016-08,21178
2016-08,2724
2016-08,90
2016-08,38667
2016-08,46645
2016-08,17315
2016-08,53689
2016-08,5295
2016-07,48927
2016-07,6793
2016-07,34496
2016-07,19378
2016-07,190218
2016-07,43094
2016-07,29755
2016-07,4494
2016-07,60
2016-07,125208
2016-07,49183
2016-07,173
2016-07,1565
2016-07,12154
2016-07,168227
2016-07,88340
2016-07,11937
2016-07,14140
2016-07,363085
2016-07,41063
2016-07,7702
2016-07,1
2016-07,12228
2016-07,20480
2016-07,40142
2016-07,43368
2016-07,21907
2016-07,46637
2016-07,9869
2016-07,5429
2016-07,11785
2016-07,13068
2016-07,10074
2016-07,12219
2016-07,29513
2016-07,44123
2016-07,5470
2016-07,63148
2016-07,25946
2016-07,24813
2016-07,86137
2016-07,1331
2016-07,2368
2016-07,32730
2016-07,7406
2016-07,57653
2016-07,127207
2016-07,17608
2016-07,2674
2016-07,105
2016-07,43574
2016-07,47887
2016-07,16791
2016-07,38922
2016-07,4585
2016-06,44976
2016-06,7406
2016-06,32540
2016-06,18779
2016-06,173846
2016-06,41134
2016-06,33475
2016-06,4987
2016-06,72
2016-06,125567
2016-06,42626
2016-06,164
2016-06,1754
2016-06,12947
2016-06,164500
2016-06,94326
2016-06,12209
2016-06,12364
2016-06,360293
2016-06,26278
2016-06,7858
2016-06,1
2016-06,11647
2016-06,17743
2016-06,39580
2016-06,47916
2016-06,17507
2016-06,45384
2016-06,10610
2016-06,5777
2016-06,11771
2016-06,12661
2016-06,10806
2016-06,12560
2016-06,28472
2016-06,44535
2016-06,6568
2016-06,60366
2016-06,26167
2016-06,25502
2016-06,80806
2016-06,1298
2016-06,2302
2016-06,30209
2016-06,7519
2016-06,56218
2016-06,120263
2016-06,28189
2016-06,2688
2016-06,106
2016-06,37593
2016-06,50487
2016-06,16423
2016-06,30747
2016-06,4812
2016-05,36157
2016-05,5991
2016-05,28671
2016-05,16422
2016-05,166035
2016-05,36512
2016-05,29247
2016-05,4355
2016-05,110
2016-05,94732
2016-05,33740
2016-05,194
2016-05,1316
2016-05,8658
2016-05,119574
2016-05,119897
2016-05,12578
2016-05,10559
2016-05,321666
2016-05,20462
2016-05,6572
2016-05,1
2016-05,11176
2016-05,15449
2016-05,37823
2016-05,42135
2016-05,15159
2016-05,40752
2016-05,9551
2016-05,4956
2016-05,10105
2016-05,10869
2016-05,9770
2016-05,10847
2016-05,26336
2016-05,38727
2016-05,4620
2016-05,58406
2016-05,21379
2016-05,21266
2016-05,70244
2016-05,1202
2016-05,1648
2016-05,24923
2016-05,6403
2016-05,44044
2016-05,104134
2016-05,24045
2016-05,2247
2016-05,112
2016-05,30787
2016-05,41282
2016-05,14918
2016-05,27431
2016-05,4504
2016-04,41239
2016-04,6867
2016-04,32005
2016-04,19048
2016-04,171256
2016-04,41636
2016-04,32657
2016-04,4316
2016-04,69
2016-04,104114
2016-04,41265
2016-04,160
2016-04,1453
2016-04,10638
2016-04,154306
2016-04,126579
2016-04,15435
2016-04,13227
2016-04,306214
2016-04,23719
2016-04,8567
2016-04,0
2016-04,13007
2016-04,17505
2016-04,48163
2016-04,57100
2016-04,17182
2016-04,49098
2016-04,10728
2016-04,6280
2016-04,11803
2016-04,12630
2016-04,10465
2016-04,12421
2016-04,31789
2016-04,43592
2016-04,6039
2016-04,71881
2016-04,26489
2016-04,23132
2016-04,88140
2016-04,1185
2016-04,2125
2016-04,30929
2016-04,8275
2016-04,57837
2016-04,126292
2016-04,30706
2016-04,3220
2016-04,85
2016-04,36219
2016-04,65565
2016-04,17825
2016-04,38403
2016-04,5029
2016-03,55486
2016-03,6982
2016-03,35795
2016-03,24390
2016-03,201041
2016-03,46430
2016-03,35332
2016-03,4986
2016-03,85
2016-03,119207
2016-03,55396
2016-03,188
2016-03,1469
2016-03,13824
2016-03,175762
2016-03,151821
2016-03,23526
2016-03,16593
2016-03,321318
2016-03,26552
2016-03,9429
2016-03,1
2016-03,14546
2016-03,20450
2016-03,59827
2016-03,56311
2016-03,21727
2016-03,64449
2016-03,11967
2016-03,8315
2016-03,13550
2016-03,14498
2016-03,11138
2016-03,13999
2016-03,34781
2016-03,53581
2016-03,6281
2016-03,85267
2016-03,29112
2016-03,27093
2016-03,105145
2016-03,1188
2016-03,2516
2016-03,38503
2016-03,9178
2016-03,51955
2016-03,152465
2016-03,30548
2016-03,3861
2016-03,90
2016-03,42741
2016-03,126000
2016-03,22143
2016-03,44925
2016-03,5302
2016-02,77411
2016-02,6779
2016-02,35307
2016-02,27506
2016-02,214844
2016-02,47302
2016-02,32110
2016-02,5173
2016-02,95
2016-02,132010
2016-02,66777
2016-02,141
2016-02,1424
2016-02,15520
2016-02,169908
2016-02,221556
2016-02,23728
2016-02,19817
2016-02,266913
2016-02,32939
2016-02,9868
2016-02,1
2016-02,14735
2016-02,17835
2016-02,61421
2016-02,50144
2016-02,28656
2016-02,67682
2016-02,12644
2016-02,8576
2016-02,14342
2016-02,14577
2016-02,9811
2016-02,16662
2016-02,34195
2016-02,58096
2016-02,5799
2016-02,90222
2016-02,37589
2016-02,28869
2016-02,104116
2016-02,1088
2016-02,2392
2016-02,39376
2016-02,10732
2016-02,68503
2016-02,192417
2016-02,22999
2016-02,4173
2016-02,115
2016-02,47955
2016-02,56043
2016-02,27216
2016-02,42855
2016-02,5703
2016-01,73218
2016-01,6085
2016-01,31910
2016-01,20437
2016-01,220912
2016-01,48214
2016-01,31712
2016-01,4886
2016-01,82
2016-01,125935
2016-01,62707
2016-01,176
2016-01,1383
2016-01,13197
2016-01,189400
2016-01,230892
2016-01,26714
2016-01,19443
2016-01,302383
2016-01,32192
2016-01,8844
2016-01,3
2016-01,13321
2016-01,20208
2016-01,56723
2016-01,50842
2016-01,21330
2016-01,61257
2016-01,10722
2016-01,11116
2016-01,12291
2016-01,16887
2016-01,8683
2016-01,12577
2016-01,34071
2016-01,51646
2016-01,5877
2016-01,76218
2016-01,34889
2016-01,26378
2016-01,102170
2016-01,1133
2016-01,2617
2016-01,31396
2016-01,10220
2016-01,62789
2016-01,164088
2016-01,19968
2016-01,3451
2016-01,100
2016-01,44181
2016-01,58050
2016-01,18985
2016-01,39561
2016-01,5676
,27425512
,
2015-12,120914
2015-12,11055
2015-12,47759
2015-12,36886
2015-12,252946
2015-12,64547
2015-12,36673
2015-12,7670
2015-12,95
2015-12,168935
2015-12,96508
2015-12,218
2015-12,1644
2015-12,18544
2015-12,182255
2015-12,214035
2015-12,25941
2015-12,28091
2015-12,308824
2015-12,59760
2015-12,14076
2015-12,1
2015-12,17832
2015-12,22723
2015-12,76882
2015-12,64181
2015-12,44727
2015-12,89366
2015-12,16667
2015-12,14768
2015-12,18649
2015-12,20626
2015-12,11018
2015-12,19335
2015-12,48515
2015-12,76441
2015-12,8304
2015-12,119897
2015-12,56119
2015-12,41065
2015-12,153826
2015-12,1335
2015-12,3363
2015-12,48614
2015-12,14660
2015-12,100586
2015-12,241791
2015-12,31645
2015-12,4731
2015-12,115
2015-12,72526
2015-12,73158
2015-12,36037
2015-12,52450
2015-12,8870
2015-11,71137
2015-11,7095
2015-11,27087
2015-11,25048
2015-11,180116
2015-11,42271
2015-11,26438
2015-11,5040
2015-11,64
2015-11,103532
2015-11,50795
2015-11,171
2015-11,1252
2015-11,11925
2015-11,129861
2015-11,130333
2015-11,13794
2015-11,18433
2015-11,295891
2015-11,37752
2015-11,9297
2015-11,0
2015-11,13463
2015-11,15885
2015-11,50278
2015-11,44023
2015-11,27504
2015-11,55031
2015-11,10415
2015-11,8299
2015-11,10632
2015-11,12850
2015-11,8313
2015-11,12721
2015-11,36421
2015-11,49217
2015-11,6288
2015-11,81616
2015-11,35457
2015-11,25453
2015-11,103836
2015-11,1242
2015-11,2101
2015-11,32064
2015-11,9727
2015-11,63670
2015-11,146982
2015-11,21772
2015-11,3136
2015-11,109
2015-11,48010
2015-11,43989
2015-11,25063
2015-11,38541
2015-11,5017
2015-10,61156
2015-10,9941
2015-10,26501
2015-10,23409
2015-10,163211
2015-10,37785
2015-10,23918
2015-10,4052
2015-10,76
2015-10,94518
2015-10,45420
2015-10,213
2015-10,1380
2015-10,11986
2015-10,95886
2015-10,100220
2015-10,10725
2015-10,14469
2015-10,276162
2015-10,33300
2015-10,11245
2015-10,1
2015-10,11832
2015-10,13947
2015-10,43822
2015-10,50060
2015-10,20862
2015-10,49890
2015-10,12988
2015-10,6880
2015-10,9456
2015-10,11664
2015-10,7315
2015-10,12381
2015-10,33282
2015-10,46020
2015-10,7547
2015-10,62456
2015-10,28582
2015-10,25405
2015-10,82552
2015-10,1288
2015-10,1944
2015-10,26030
2015-10,10920
2015-10,51134
2015-10,126327
2015-10,19046
2015-10,3259
2015-10,100
2015-10,38959
2015-10,45061
2015-10,21388
2015-10,36111
2015-10,5166
2015-09,56228
2015-09,6195
2015-09,25464
2015-09,21834
2015-09,125441
2015-09,34229
2015-09,21775
2015-09,3360
2015-09,41
2015-09,85246
2015-09,41685
2015-09,181
2015-09,1270
2015-09,11078
2015-09,94476
2015-09,83928
2015-09,9865
2015-09,12731
2015-09,262693
2015-09,39053
2015-09,8648
2015-09,1
2015-09,8912
2015-09,12092
2015-09,48331
2015-09,43688
2015-09,23398
2015-09,40511
2015-09,11302
2015-09,5433
2015-09,9821
2015-09,10094
2015-09,6056
2015-09,11570
2015-09,28204
2015-09,42348
2015-09,5619
2015-09,53928
2015-09,25154
2015-09,21650
2015-09,70156
2015-09,1300
2015-09,1566
2015-09,24395
2015-09,7949
2015-09,52313
2015-09,122503
2015-09,22343
2015-09,2681
2015-09,134
2015-09,34030
2015-09,40441
2015-09,17801
2015-09,30630
2015-09,4968
2015-08,62770
2015-08,6976
2015-08,25003
2015-08,21087
2015-08,125122
2015-08,36156
2015-08,21514
2015-08,3459
2015-08,67
2015-08,87429
2015-08,40519
2015-08,147
2015-08,1175
2015-08,9792
2015-08,94314
2015-08,66212
2015-08,8592
2015-08,13366
2015-08,286463
2015-08,30880
2015-08,7283
2015-08,1
2015-08,8606
2015-08,12792
2015-08,33600
2015-08,39036
2015-08,18376
2015-08,40259
2015-08,10130
2015-08,5418
2015-08,8818
2015-08,10185
2015-08,6537
2015-08,11179
2015-08,23978
2015-08,39565
2015-08,5148
2015-08,51999
2015-08,26376
2015-08,19393
2015-08,69162
2015-08,1357
2015-08,1477
2015-08,25047
2015-08,7369
2015-08,49128
2015-08,122233
2015-08,19717
2015-08,2466
2015-08,100
2015-08,32147
2015-08,36031
2015-08,16720
2015-08,28396
2015-08,4839
2015-07,56762
2015-07,6029
2015-07,23779
2015-07,17694
2015-07,140365
2015-07,31280
2015-07,22195
2015-07,3275
2015-07,64
2015-07,83877
2015-07,39608
2015-07,186
2015-07,1157
2015-07,8675
2015-07,95297
2015-07,52154
2015-07,8356
2015-07,12248
2015-07,220018
2015-07,23822
2015-07,6549
2015-07,1
2015-07,8595
2015-07,11898
2015-07,32153
2015-07,31732
2015-07,16575
2015-07,37539
2015-07,8713
2015-07,4596
2015-07,8829
2015-07,9404
2015-07,6588
2015-07,10404
2015-07,21821
2015-07,37651
2015-07,4593
2015-07,49952
2015-07,23594
2015-07,18003
2015-07,65250
2015-07,1342
2015-07,1461
2015-07,25017
2015-07,5914
2015-07,57873
2015-07,106013
2015-07,17259
2015-07,2219
2015-07,159
2015-07,32419
2015-07,34177
2015-07,15607
2015-07,24350
2015-07,4371
2015-06,45952
2015-06,5830
2015-06,22999
2015-06,15372
2015-06,112704
2015-06,31777
2015-06,24605
2015-06,3332
2015-06,49
2015-06,79101
2015-06,34674
2015-06,184
2015-06,1213
2015-06,9373
2015-06,80431
2015-06,62755
2015-06,7359
2015-06,10463
2015-06,242027
2015-06,21042
2015-06,6151
2015-06,2
2015-06,8826
2015-06,11383
2015-06,30723
2015-06,33553
2015-06,13111
2015-06,37010
2015-06,8529
2015-06,4369
2015-06,9186
2015-06,9881
2015-06,7007
2015-06,9969
2015-06,22717
2015-06,33889
2015-06,4481
2015-06,49297
2015-06,21793
2015-06,17765
2015-06,64122
2015-06,1499
2015-06,1512
2015-06,20763
2015-06,5645
2015-06,42558
2015-06,106461
2015-06,20684
2015-06,2135
2015-06,104
2015-06,27904
2015-06,32783
2015-06,14695
2015-06,22715
2015-06,4388
2015-05,45128
2015-05,6168
2015-05,24503
2015-05,16258
2015-05,119574
2015-05,33062
2015-05,24571
2015-05,3683
2015-05,53
2015-05,77601
2015-05,32956
2015-05,148
2015-05,1145
2015-05,9975
2015-05,76538
2015-05,64608
2015-05,7597
2015-05,12249
2015-05,271614
2015-05,20941
2015-05,5860
2015-05,1
2015-05,8105
2015-05,11907
2015-05,32961
2015-05,37779
2015-05,13803
2015-05,37565
2015-05,9364
2015-05,4500
2015-05,9959
2015-05,10564
2015-05,6704
2015-05,11021
2015-05,21977
2015-05,32357
2015-05,4683
2015-05,49428
2015-05,23210
2015-05,19292
2015-05,62676
2015-05,1477
2015-05,1543
2015-05,20254
2015-05,6436
2015-05,40597
2015-05,111012
2015-05,18544
2015-05,2172
2015-05,118
2015-05,28447
2015-05,33943
2015-05,15288
2015-05,24362
2015-05,4612
2015-04,46971
2015-04,7030
2015-04,24762
2015-04,17135
2015-04,114686
2015-04,34688
2015-04,26677
2015-04,3665
2015-04,51
2015-04,81456
2015-04,35901
2015-04,146
2015-04,1329
2015-04,10686
2015-04,118541
2015-04,67791
2015-04,11113
2015-04,14044
2015-04,253890
2015-04,21000
2015-04,6608
2015-04,2
2015-04,10464
2015-04,14211
2015-04,36840
2015-04,44682
2015-04,14292
2015-04,42187
2015-04,9473
2015-04,5325
2015-04,9830
2015-04,10849
2015-04,7594
2015-04,11299
2015-04,26818
2015-04,37520
2015-04,5225
2015-04,59965
2015-04,26152
2015-04,20563
2015-04,74820
2015-04,1168
2015-04,1710
2015-04,22801
2015-04,6951
2015-04,44972
2015-04,106032
2015-04,20361
2015-04,3081
2015-04,115
2015-04,31657
2015-04,38008
2015-04,18739
2015-04,31164
2015-04,4697
2015-03,57152
2015-03,7223
2015-03,28402
2015-03,20397
2015-03,199833
2015-03,37740
2015-03,30302
2015-03,4610
2015-03,68
2015-03,93683
2015-03,48200
2015-03,161
2015-03,1344
2015-03,12234
2015-03,96770
2015-03,83305
2015-03,14948
2015-03,16337
2015-03,281518
2015-03,26788
2015-03,7438
2015-03,2
2015-03,10656
2015-03,16296
2015-03,43233
2015-03,51987
2015-03,18635
2015-03,52566
2015-03,10863
2015-03,6796
2015-03,11192
2015-03,11780
2015-03,8529
2015-03,13587
2015-03,29889
2015-03,45196
2015-03,6517
2015-03,62389
2015-03,29926
2015-03,23895
2015-03,92329
2015-03,1377
2015-03,1953
2015-03,26546
2015-03,8923
2015-03,40064
2015-03,129368
2015-03,23422
2015-03,3115
2015-03,96
2015-03,39427
2015-03,43542
2015-03,25804
2015-03,37433
2015-03,5459
2015-02,62220
2015-02,6731
2015-02,30563
2015-02,24042
2015-02,113789
2015-02,37520
2015-02,24291
2015-02,4137
2015-02,53
2015-02,103809
2015-02,57432
2015-02,147
2015-02,1193
2015-02,12820
2015-02,86317
2015-02,84043
2015-02,16457
2015-02,18262
2015-02,198493
2015-02,33759
2015-02,6166
2015-02,5
2015-02,9092
2015-02,11039
2015-02,38502
2015-02,40699
2015-02,23970
2015-02,55680
2015-02,11027
2015-02,6715
2015-02,11626
2015-02,9085
2015-02,7229
2015-02,13832
2015-02,25920
2015-02,48473
2015-02,5512
2015-02,59899
2015-02,34307
2015-02,24213
2015-02,81379
2015-02,1282
2015-02,1777
2015-02,31543
2015-02,9065
2015-02,53761
2015-02,140229
2015-02,20627
2015-02,3220
2015-02,113
2015-02,40786
2015-02,43129
2015-02,24248
2015-02,32541
2015-02,5539
2015-01,51119
2015-01,5348
2015-01,24620
2015-01,18184
2015-01,113292
2015-01,33007
2015-01,24791
2015-01,4133
2015-01,61
2015-01,87895
2015-01,43248
2015-01,164
2015-01,1188
2015-01,9858
2015-01,96712
2015-01,67533
2015-01,12562
2015-01,15166
2015-01,320778
2015-01,24516
2015-01,5423
2015-01,1
2015-01,9311
2015-01,13112
2015-01,33596
2015-01,37824
2015-01,17119
2015-01,47271
2015-01,8234
2015-01,6241
2015-01,9482
2015-01,9834
2015-01,7144
2015-01,10614
2015-01,26506
2015-01,43199
2015-01,5512
2015-01,47676
2015-01,28606
2015-01,19429
2015-01,73321
2015-01,1225
2015-01,1722
2015-01,23923
2015-01,6709
2015-01,57536
2015-01,115315
2015-01,19394
2015-01,2373
2015-01,79
2015-01,36685
2015-01,38018
2015-01,17624
2015-01,24587
2015-01,4413
,23026288
,
2014-12,75874
2014-12,9442
2014-12,33062
2014-12,29453
2014-12,164170
2014-12,47309
2014-12,27883
2014-12,5847
2014-12,53
2014-12,107882
2014-12,60222
2014-12,203
2014-12,1389
2014-12,14948
2014-12,147220
2014-12,74495
2014-12,14335
2014-12,22119
2014-12,295697
2014-12,44644
2014-12,8990
2014-12,0
2014-12,12462
2014-12,14332
2014-12,42291
2014-12,43152
2014-12,32564
2014-12,64574
2014-12,13177
2014-12,8917
2014-12,12590
2014-12,12247
2014-12,8712
2014-12,15881
2014-12,34849
2014-12,56571
2014-12,6795
2014-12,71731
2014-12,45311
2014-12,28411
2014-12,95384
2014-12,1417
2014-12,1988
2014-12,34846
2014-12,9645
2014-12,72934
2014-12,180658
2014-12,26111
2014-12,3152
2014-12,94
2014-12,49939
2014-12,49826
2014-12,26935
2014-12,31622
2014-12,7031
2014-11,56324
2014-11,7851
2014-11,26203
2014-11,25577
2014-11,132469
2014-11,36523
2014-11,23451
2014-11,4764
2014-11,45
2014-11,87931
2014-11,44325
2014-11,160
2014-11,1078
2014-11,10932
2014-11,104606
2014-11,136175
2014-11,10906
2014-11,18147
2014-11,84113
2014-11,33557
2014-11,7347
2014-11,2
2014-11,12483
2014-11,13258
2014-11,39561
2014-11,38258
2014-11,24074
2014-11,60330
2014-11,10052
2014-11,7072
2014-11,8950
2014-11,10215
2014-11,7612
2014-11,12308
2014-11,33260
2014-11,45758
2014-11,6217
2014-11,64249
2014-11,37671
2014-11,22003
2014-11,87572
2014-11,1369
2014-11,1822
2014-11,26987
2014-11,8620
2014-11,55288
2014-11,138837
2014-11,19211
2014-11,2833
2014-11,94
2014-11,43955
2014-11,44282
2014-11,24050
2014-11,31027
2014-11,5399
2014-10,50068
2014-10,9803
2014-10,25181
2014-10,23097
2014-10,128439
2014-10,35546
2014-10,24547
2014-10,3802
2014-10,52
2014-10,83962
2014-10,43186
2014-10,172
2014-10,1330
2014-10,11973
2014-10,103053
2014-10,80707
2014-10,10795
2014-10,14601
2014-10,31756
2014-10,29220
2014-10,10133
2014-10,2
2014-10,10073
2014-10,14369
2014-10,40169
2014-10,45025
2014-10,19086
2014-10,50021
2014-10,12833
2014-10,6735
2014-10,8873
2014-10,11633
2014-10,7435
2014-10,12641
2014-10,34659
2014-10,43204
2014-10,7836
2014-10,53277
2014-10,30881
2014-10,20667
2014-10,83119
2014-10,1402
2014-10,1889
2014-10,24311
2014-10,9445
2014-10,44933
2014-10,122547
2014-10,16476
2014-10,3101
2014-10,127
2014-10,36419
2014-10,41682
2014-10,20922
2014-10,33262
2014-10,5421
2014-09,45081
2014-09,6625
2014-09,23538
2014-09,17053
2014-09,118856
2014-09,30504
2014-09,22160
2014-09,3289
2014-09,48
2014-09,77573
2014-09,35423
2014-09,181
2014-09,1153
2014-09,11211
2014-09,117143
2014-09,34547
2014-09,8494
2014-09,12558
2014-09,80383
2014-09,31703
2014-09,7667
2014-09,2
2014-09,8480
2014-09,12394
2014-09,37179
2014-09,41988
2014-09,20332
2014-09,39077
2014-09,10880
2014-09,5577
2014-09,8630
2014-09,9668
2014-09,6470
2014-09,10973
2014-09,28575
2014-09,35405
2014-09,5914
2014-09,42944
2014-09,25886
2014-09,19544
2014-09,71450
2014-09,1316
2014-09,1570
2014-09,20378
2014-09,7166
2014-09,38227
2014-09,114900
2014-09,17531
2014-09,2743
2014-09,112
2014-09,31726
2014-09,35256
2014-09,16952
2014-09,27754
2014-09,5296
2014-08,45465
2014-08,7816
2014-08,26519
2014-08,15895
2014-08,119570
2014-08,32230
2014-08,16479
2014-08,3415
2014-08,47
2014-08,75868
2014-08,35344
2014-08,162
2014-08,1130
2014-08,10295
2014-08,91721
2014-08,37077
2014-08,7923
2014-08,11796
2014-08,232853
2014-08,24409
2014-08,6313
2014-08,0
2014-08,8265
2014-08,13949
2014-08,32189
2014-08,37674
2014-08,15732
2014-08,40886
2014-08,9986
2014-08,4763
2014-08,8780
2014-08,9688
2014-08,6828
2014-08,10816
2014-08,27139
2014-08,35184
2014-08,5239
2014-08,42044
2014-08,25875
2014-08,16665
2014-08,67743
2014-08,1391
2014-08,1617
2014-08,22184
2014-08,6261
2014-08,39800
2014-08,115497
2014-08,19335
2014-08,2280
2014-08,132
2014-08,30501
2014-08,32674
2014-08,15799
2014-08,24467
2014-08,4637
2014-07,43600
2014-07,6035
2014-07,21193
2014-07,13484
2014-07,104309
2014-07,29247
2014-07,12620
2014-07,2960
2014-07,49
2014-07,70230
2014-07,32987
2014-07,126
2014-07,1291
2014-07,8251
2014-07,86596
2014-07,31816
2014-07,7575
2014-07,10381
2014-07,248979
2014-07,17996
2014-07,4923
2014-07,2
2014-07,6878
2014-07,12638
2014-07,29119
2014-07,33483
2014-07,11995
2014-07,30494
2014-07,7798
2014-07,3704
2014-07,8108
2014-07,8374
2014-07,6792
2014-07,9168
2014-07,27126
2014-07,31117
2014-07,4382
2014-07,37889
2014-07,21917
2014-07,14896
2014-07,59582
2014-07,1219
2014-07,1374
2014-07,19093
2014-07,4984
2014-07,34494
2014-07,94876
2014-07,19385
2014-07,1868
2014-07,63
2014-07,28031
2014-07,31164
2014-07,13298
2014-07,19541
2014-07,4205
2014-06,41709
2014-06,6005
2014-06,22049
2014-06,14177
2014-06,102639
2014-06,26802
2014-06,13270
2014-06,2928
2014-06,23
2014-06,70597
2014-06,30386
2014-06,145
2014-06,1210
2014-06,9745
2014-06,112407
2014-06,30807
2014-06,8569
2014-06,10053
2014-06,214382
2014-06,18906
2014-06,4783
2014-06,1
2014-06,7320
2014-06,13474
2014-06,28148
2014-06,35400
2014-06,11455
2014-06,30079
2014-06,8454
2014-06,3550
2014-06,9000
2014-06,8534
2014-06,6649
2014-06,9546
2014-06,23810
2014-06,32577
2014-06,4224
2014-06,35267
2014-06,21797
2014-06,16461
2014-06,56296
2014-06,1188
2014-06,1251
2014-06,19781
2014-06,4781
2014-06,32665
2014-06,91133
2014-06,23271
2014-06,1736
2014-06,105
2014-06,26351
2014-06,32647
2014-06,12646
2014-06,19302
2014-06,4644
2014-05,43111
2014-05,7166
2014-05,24566
2014-05,17070
2014-05,120661
2014-05,31697
2014-05,14437
2014-05,3896
2014-05,31
2014-05,78127
2014-05,33247
2014-05,166
2014-05,1155
2014-05,9289
2014-05,92638
2014-05,36151
2014-05,8165
2014-05,10895
2014-05,230610
2014-05,19085
2014-05,5674
2014-05,0
2014-05,7913
2014-05,14087
2014-05,31109
2014-05,34462
2014-05,12506
2014-05,31691
2014-05,8930
2014-05,4074
2014-05,8950
2014-05,10119
2014-05,7908
2014-05,10235
2014-05,25889
2014-05,34589
2014-05,5216
2014-05,40586
2014-05,22251
2014-05,17875
2014-05,63261
2014-05,1378
2014-05,1471
2014-05,21331
2014-05,5167
2014-05,33567
2014-05,97814
2014-05,26525
2014-05,2100
2014-05,94
2014-05,27385
2014-05,37636
2014-05,14682
2014-05,22493
2014-05,5187
2014-04,46332
2014-04,8305
2014-04,25939
2014-04,16546
2014-04,134448
2014-04,34615
2014-04,20715
2014-04,2822
2014-04,36
2014-04,94323
2014-04,36533
2014-04,209
2014-04,1597
2014-04,10422
2014-04,105924
2014-04,42399
2014-04,10404
2014-04,13161
2014-04,274155
2014-04,19656
2014-04,6890
2014-04,2
2014-04,10548
2014-04,16097
2014-04,36618
2014-04,46067
2014-04,13044
2014-04,38283
2014-04,10056
2014-04,5240
2014-04,9819
2014-04,11592
2014-04,8472
2014-04,10620
2014-04,43433
2014-04,59495
2014-04,6330
2014-04,48767
2014-04,26310
2014-04,19475
2014-04,74553
2014-04,1221
2014-04,1667
2014-04,21621
2014-04,6054
2014-04,36861
2014-04,101103
2014-04,29587
2014-04,3114
2014-04,103
2014-04,31037
2014-04,46446
2014-04,16702
2014-04,32375
2014-04,5508
2014-03,57656
2014-03,7271
2014-03,28307
2014-03,20173
2014-03,137660
2014-03,38547
2014-03,36553
2014-03,3534
2014-03,48
2014-03,104835
2014-03,45841
2014-03,205
2014-03,1333
2014-03,14322
2014-03,145597
2014-03,52880
2014-03,13686
2014-03,16410
2014-03,280948
2014-03,25477
2014-03,7591
2014-03,0
2014-03,17071
2014-03,20176
2014-03,42636
2014-03,50582
2014-03,17334
2014-03,46051
2014-03,11045
2014-03,6437
2014-03,11769
2014-03,12519
2014-03,9726
2014-03,13550
2014-03,33819
2014-03,541978
2014-03,6329
2014-03,59244
2014-03,30087
2014-03,24346
2014-03,93402
2014-03,1431
2014-03,2208
2014-03,28436
2014-03,7538
2014-03,43344
2014-03,130310
2014-03,22924
2014-03,3305
2014-03,108
2014-03,40700
2014-03,45491
2014-03,20942
2014-03,37199
2014-03,5699
2014-02,63947
2014-02,6353
2014-02,29657
2014-02,24599
2014-02,111341
2014-02,36936
2014-02,29640
2014-02,3207
2014-02,28
2014-02,100876
2014-02,50459
2014-02,158
2014-02,1222
2014-02,11822
2014-02,115903
2014-02,51976
2014-02,13167
2014-02,17798
2014-02,259837
2014-02,28120
2014-02,7101
2014-02,1
2014-02,18999
2014-02,16662
2014-02,35449
2014-02,40503
2014-02,21805
2014-02,48674
2014-02,10352
2014-02,6384
2014-02,11879
2014-02,10204
2014-02,7762
2014-02,13859
2014-02,27317
2014-02,224667
2014-02,6472
2014-02,59527
2014-02,33901
2014-02,23197
2014-02,76916
2014-02,1386
2014-02,1897
2014-02,28440
2014-02,7897
2014-02,55684
2014-02,147793
2014-02,21548
2014-02,3132
2014-02,108
2014-02,42073
2014-02,44399
2014-02,23569
2014-02,31698
2014-02,5677
2014-01,52138
2014-01,4951
2014-01,24458
2014-01,17158
2014-01,100054
2014-01,33328
2014-01,28542
2014-01,2486
2014-01,52
2014-01,82342
2014-01,36627
2014-01,173
2014-01,1337
2014-01,8532
2014-01,121288
2014-01,38520
2014-01,13003
2014-01,14248
2014-01,258471
2014-01,22584
2014-01,5673
2014-01,0
2014-01,21715
2014-01,17908
2014-01,29623
2014-01,34528
2014-01,14902
2014-01,36903
2014-01,8273
2014-01,6115
2014-01,9387
2014-01,9884
2014-01,7954
2014-01,10183
2014-01,25551
2014-01,41804
2014-01,5594
2014-01,40864
2014-01,26608
2014-01,19504
2014-01,69963
2014-01,1400
2014-01,1646
2014-01,22356
2014-01,6101
2014-01,45597
2014-01,130524
2014-01,21908
2014-01,2138
2014-01,131
2014-01,31647
2014-01,40612
2014-01,15350
2014-01,23568
2014-01,4359
,20860241
,
2013-12,77374
2013-12,7951
2013-12,32374
2013-12,25583
2013-12,138522
2013-12,43268
2013-12,21633
2013-12,3752
2013-12,35
2013-12,102760
2013-12,55863
2013-12,141
2013-12,1401
2013-12,13971
2013-12,91077
2013-12,53359
2013-12,12638
2013-12,21426
2013-12,231210
2013-12,42824
2013-12,7812
2013-12,2
2013-12,21256
2013-12,16407
2013-12,37647
2013-12,38679
2013-12,29367
2013-12,51223
2013-12,11763
2013-12,8665
2013-12,12897
2013-12,10993
2013-12,9118
2013-12,14896
2013-12,32657
2013-12,59061
2013-12,6949
2013-12,67301
2013-12,39176
2013-12,26573
2013-12,87441
2013-12,1305
2013-12,1969
2013-12,31309
2013-12,9118
2013-12,64784
2013-12,166074
2013-12,24978
2013-12,2873
2013-12,94
2013-12,51344
2013-12,46998
2013-12,26265
2013-12,31714
2013-12,6885
2013-11,59213
2013-11,6868
2013-11,26839
2013-11,24393
2013-11,109140
2013-11,37908
2013-11,22530
2013-11,3354
2013-11,35
2013-11,86342
2013-11,43059
2013-11,103
2013-11,1103
2013-11,10703
2013-11,90868
2013-11,51526
2013-11,12076
2013-11,18670
2013-11,208696
2013-11,33765
2013-11,8004
2013-11,5
2013-11,18413
2013-11,18506
2013-11,39996
2013-11,38292
2013-11,25301
2013-11,47444
2013-11,10548
2013-11,6868
2013-11,10503
2013-11,10397
2013-11,10031
2013-11,12642
2013-11,32643
2013-11,50272
2013-11,7692
2013-11,61911
2013-11,35876
2013-11,22895
2013-11,88985
2013-11,1488
2013-11,1925
2013-11,25922
2013-11,8416
2013-11,53278
2013-11,133911
2013-11,21492
2013-11,3007
2013-11,86
2013-11,44918
2013-11,40784
2013-11,24919
2013-11,35704
2013-11,5494
2013-10,51520
2013-10,8322
2013-10,24148
2013-10,19661
2013-10,114595
2013-10,34371
2013-10,20189
2013-10,2989
2013-10,37
2013-10,79284
2013-10,38032
2013-10,127
2013-10,1325
2013-10,10694
2013-10,101416
2013-10,43650
2013-10,11717
2013-10,15038
2013-10,204305
2013-10,28194
2013-10,9707
2013-10,2
2013-10,20526
2013-10,19891
2013-10,40320
2013-10,43178
2013-10,18028
2013-10,42480
2013-10,12038
2013-10,6517
2013-10,9800
2013-10,11318
2013-10,9341
2013-10,12018
2013-10,30402
2013-10,40850
2013-10,8511
2013-10,48416
2013-10,27268
2013-10,19484
2013-10,79205
2013-10,1491
2013-10,1862
2013-10,21704
2013-10,8534
2013-10,42522
2013-10,124834
2013-10,17812
2013-10,2951
2013-10,96
2013-10,36623
2013-10,41311
2013-10,19865
2013-10,35951
2013-10,4629
2013-09,46263
2013-09,6047
2013-09,22904
2013-09,16195
2013-09,104067
2013-09,31620
2013-09,21666
2013-09,2515
2013-09,36
2013-09,73216
2013-09,32309
2013-09,98
2013-09,1196
2013-09,10165
2013-09,67839
2013-09,40129
2013-09,10873
2013-09,13318
2013-09,54426
2013-09,29508
2013-09,8102
2013-09,1
2013-09,49644
2013-09,18583
2013-09,36135
2013-09,40431
2013-09,14804
2013-09,35901
2013-09,10194
2013-09,5387
2013-09,8704
2013-09,10164
2013-09,8091
2013-09,10018
2013-09,27247
2013-09,34609
2013-09,6707
2013-09,42579
2013-09,23496
2013-09,19746
2013-09,70015
2013-09,1469
2013-09,1622
2013-09,20573
2013-09,6812
2013-09,40207
2013-09,111067
2013-09,19074
2013-09,2742
2013-09,94
2013-09,33507
2013-09,36213
2013-09,17038
2013-09,32039
2013-09,5018
2013-08,49978
2013-08,7545
2013-08,29065
2013-08,22401
2013-08,111132
2013-08,35642
2013-08,23489
2013-08,2526
2013-08,35
2013-08,81138
2013-08,34288
2013-08,122
2013-08,1283
2013-08,9967
2013-08,85074
2013-08,49336
2013-08,8566
2013-08,14753
2013-08,27296
2013-08,25224
2013-08,6806
2013-08,0
2013-08,14929
2013-08,21380
2013-08,34265
2013-08,35738
2013-08,16821
2013-08,38352
2013-08,10683
2013-08,5411
2013-08,9540
2013-08,9645
2013-08,9865
2013-08,10939
2013-08,23867
2013-08,36326
2013-08,5641
2013-08,41954
2013-08,26282
2013-08,18504
2013-08,70687
2013-08,1540
2013-08,1642
2013-08,25637
2013-08,5998
2013-08,39133
2013-08,115380
2013-08,30966
2013-08,2306
2013-08,107
2013-08,33074
2013-08,37388
2013-08,16506
2013-08,27420
2013-08,4876
2013-07,33290
2013-07,5889
2013-07,25712
2013-07,22815
2013-07,100114
2013-07,42207
2013-07,22598
2013-07,2282
2013-07,32
2013-07,78121
2013-07,31011
2013-07,113
2013-07,1260
2013-07,8460
2013-07,82699
2013-07,51081
2013-07,6772
2013-07,14721
2013-07,29719
2013-07,19777
2013-07,5492
2013-07,0
2013-07,12248
2013-07,20775
2013-07,29608
2013-07,30700
2013-07,12768
2013-07,32926
2013-07,8719
2013-07,4323
2013-07,8915
2013-07,8707
2013-07,9963
2013-07,10135
2013-07,20065
2013-07,33798
2013-07,5143
2013-07,39440
2013-07,22622
2013-07,15846
2013-07,60876
2013-07,1351
2013-07,1561
2013-07,23572
2013-07,4719
2013-07,34531
2013-07,100819
2013-07,28963
2013-07,1915
2013-07,77
2013-07,28960
2013-07,33115
2013-07,13839
2013-07,22108
2013-07,4299
2013-06,27990
2013-06,6077
2013-06,25994
2013-06,17280
2013-06,109153
2013-06,40488
2013-06,22597
2013-06,2447
2013-06,26
2013-06,76142
2013-06,28248
2013-06,95
2013-06,1146
2013-06,8717
2013-06,105012
2013-06,39636
2013-06,8336
2013-06,13084
2013-06,29195
2013-06,18953
2013-06,5620
2013-06,0
2013-06,12702
2013-06,18481
2013-06,29521
2013-06,29559
2013-06,11605
2013-06,32677
2013-06,8571
2013-06,4503
2013-06,9962
2013-06,8975
2013-06,12104
2013-06,9948
2013-06,21003
2013-06,32934
2013-06,5016
2013-06,39150
2013-06,21661
2013-06,17274
2013-06,61992
2013-06,1606
2013-06,1697
2013-06,21463
2013-06,4820
2013-06,36424
2013-06,97420
2013-06,27453
2013-06,1957
2013-06,94
2013-06,29376
2013-06,35567
2013-06,13796
2013-06,20416
2013-06,4854
2013-05,32005
2013-05,7529
2013-05,27145
2013-05,18509
2013-05,112464
2013-05,39181
2013-05,22706
2013-05,2992
2013-05,40
2013-05,90077
2013-05,32984
2013-05,134
2013-05,1322
2013-05,10133
2013-05,109338
2013-05,39560
2013-05,9708
2013-05,19099
2013-05,25271
2013-05,21920
2013-05,6442
2013-05,0
2013-05,14340
2013-05,20226
2013-05,34050
2013-05,40424
2013-05,13418
2013-05,39002
2013-05,9873
2013-05,5806
2013-05,11297
2013-05,11780
2013-05,12656
2013-05,11936
2013-05,23167
2013-05,38695
2013-05,6284
2013-05,42751
2013-05,24269
2013-05,18777
2013-05,70882
2013-05,1555
2013-05,2109
2013-05,23713
2013-05,5772
2013-05,42521
2013-05,111668
2013-05,34615
2013-05,2228
2013-05,75
2013-05,31108
2013-05,40430
2013-05,15908
2013-05,28975
2013-05,5581
2013-04,33215
2013-04,8758
2013-04,32444
2013-04,22062
2013-04,110149
2013-04,43675
2013-04,29703
2013-04,3665
2013-04,48
2013-04,102757
2013-04,39865
2013-04,89
2013-04,1753
2013-04,13075
2013-04,132255
2013-04,51393
2013-04,15734
2013-04,21146
2013-04,39190
2013-04,24525
2013-04,8888
2013-04,0
2013-04,15618
2013-04,22616
2013-04,49219
2013-04,52210
2013-04,15363
2013-04,47963
2013-04,11764
2013-04,8310
2013-04,14225
2013-04,14365
2013-04,8977
2013-04,12995
2013-04,30999
2013-04,46729
2013-04,7678
2013-04,57639
2013-04,30530
2013-04,23657
2013-04,90995
2013-04,1315
2013-04,2775
2013-04,27599
2013-04,7058
2013-04,45767
2013-04,131815
2013-04,30717
2013-04,3608
2013-04,108
2013-04,39271
2013-04,49100
2013-04,18761
2013-04,42236
2013-04,6084
2013-03,45144
2013-03,9047
2013-03,36946
2013-03,28004
2013-03,117106
2013-03,58007
2013-03,31213
2013-03,4250
2013-03,52
2013-03,86541
2013-03,53457
2013-03,82
2013-03,1564
2013-03,15954
2013-03,137812
2013-03,57961
2013-03,19176
2013-03,22741
2013-03,243253
2013-03,30893
2013-03,10320
2013-03,0
2013-03,16873
2013-03,25220
2013-03,57686
2013-03,57031
2013-03,21207
2013-03,62321
2013-03,13783
2013-03,11052
2013-03,15623
2013-03,15881
2013-03,9843
2013-03,16606
2013-03,35013
2013-03,58353
2013-03,8143
2013-03,76031
2013-03,37224
2013-03,28021
2013-03,114209
2013-03,1233
2013-03,3088
2013-03,35234
2013-03,9506
2013-03,61462
2013-03,163594
2013-03,32240
2013-03,4099
2013-03,271
2013-03,52284
2013-03,60588
2013-03,25848
2013-03,50492
2013-03,7534
2013-02,52678
2013-02,9397
2013-02,38022
2013-02,33226
2013-02,108666
2013-02,55170
2013-02,24128
2013-02,4235
2013-02,62
2013-02,99785
2013-02,67907
2013-02,95
2013-02,1803
2013-02,17947
2013-02,127615
2013-02,57638
2013-02,20309
2013-02,24839
2013-02,247260
2013-02,35129
2013-02,9029
2013-02,2
2013-02,16241
2013-02,21491
2013-02,54680
2013-02,55260
2013-02,26649
2013-02,65205
2013-02,14677
2013-02,9960
2013-02,17065
2013-02,14988
2013-02,8972
2013-02,17202
2013-02,32249
2013-02,72694
2013-02,8362
2013-02,79762
2013-02,43984
2013-02,30190
2013-02,113841
2013-02,1258
2013-02,2624
2013-02,42168
2013-02,10060
2013-02,70784
2013-02,189806
2013-02,28356
2013-02,4254
2013-02,6
2013-02,57124
2013-02,66081
2013-02,29414
2013-02,50656
2013-02,7556
2013-01,55210
2013-01,9975
2013-01,41443
2013-01,29607
2013-01,133187
2013-01,53121
2013-01,31886
2013-01,5055
2013-01,59
2013-01,117696
2013-01,70862
2013-01,132
2013-01,2260
2013-01,17708
2013-01,149608
2013-01,61855
2013-01,24157
2013-01,29270
2013-01,238510
2013-01,42313
2013-01,10538
2013-01,1
2013-01,18392
2013-01,27785
2013-01,60852
2013-01,64272
2013-01,26380
2013-01,71515
2013-01,15217
2013-01,14751
2013-01,18361
2013-01,20513
2013-01,11110
2013-01,16998
2013-01,43752
2013-01,70301
2013-01,9686
2013-01,83996
2013-01,48246
2013-01,33335
2013-01,135603
2013-01,1357
2013-01,3792
2013-01,36801
2013-01,11242
2013-01,69456
2013-01,186890
2013-01,27938
2013-01,4195
2013-01,26
2013-01,60837
2013-01,73547
2013-01,26793
2013-01,56977
2013-01,7861
,20966704
,
2012-12,80576
2012-12,12438
2012-12,48795
2012-12,38830
2012-12,150805
2012-12,53453
2012-12,29246
2012-12,5626
2012-12,51
2012-12,134345
2012-12,78998
2012-12,111
2012-12,2014
2012-12,20555
2012-12,112141
2012-12,71348
2012-12,19407
2012-12,35545
2012-12,260207
2012-12,59697
2012-12,12416
2012-12,0
2012-12,19172
2012-12,25251
2012-12,59445
2012-12,55917
2012-12,42176
2012-12,81243
2012-12,18562
2012-12,15406
2012-12,22420
2012-12,19647
2012-12,10047
2012-12,21537
2012-12,48320
2012-12,74023
2012-12,10989
2012-12,102531
2012-12,60731
2012-12,44246
2012-12,133241
2012-12,1773
2012-12,3870
2012-12,43132
2012-12,14789
2012-12,91922
2012-12,239956
2012-12,32908
2012-12,4845
2012-12,29
2012-12,77487
2012-12,74447
2012-12,34030
2012-12,55533
2012-12,9876
2012-11,52221
2012-11,8131
2012-11,34003
2012-11,29298
2012-11,113832
2012-11,46192
2012-11,22547
2012-11,3681
2012-11,41
2012-11,88114
2012-11,47507
2012-11,82
2012-11,1622
2012-11,13395
2012-11,91889
2012-11,48477
2012-11,16155
2012-11,24748
2012-11,219921
2012-11,38584
2012-11,9094
2012-11,0
2012-11,17048
2012-11,21166
2012-11,45249
2012-11,40168
2012-11,30272
2012-11,55571
2012-11,11728
2012-11,10418
2012-11,14611
2012-11,12223
2012-11,8910
2012-11,14271
2012-11,38150
2012-11,53692
2012-11,7637
2012-11,74534
2012-11,43759
2012-11,27133
2012-11,99829
2012-11,1271
2012-11,2478
2012-11,30131
2012-11,10114
2012-11,59840
2012-11,149821
2012-11,23859
2012-11,3191
2012-11,25
2012-11,52416
2012-11,50452
2012-11,26830
2012-11,44890
2012-11,6482
2012-10,32850
2012-10,8503
2012-10,24336
2012-10,22743
2012-10,89164
2012-10,35009
2012-10,18761
2012-10,2512
2012-10,53
2012-10,64782
2012-10,37586
2012-10,81
2012-10,1569
2012-10,11157
2012-10,78049
2012-10,38305
2012-10,12012
2012-10,16551
2012-10,220986
2012-10,29102
2012-10,9748
2012-10,1
2012-10,11640
2012-10,19062
2012-10,37464
2012-10,43310
2012-10,18935
2012-10,44157
2012-10,13036
2012-10,7814
2012-10,11057
2012-10,10591
2012-10,6791
2012-10,11675
2012-10,30294
2012-10,40956
2012-10,9138
2012-10,49510
2012-10,28960
2012-10,19989
2012-10,79821
2012-10,1327
2012-10,1897
2012-10,23632
2012-10,9893
2012-10,40032
2012-10,112530
2012-10,20048
2012-10,3152
2012-10,37
2012-10,35342
2012-10,43051
2012-10,19662
2012-10,41069
2012-10,5011
2012-09,28384
2012-09,6116
2012-09,25496
2012-09,19881
2012-09,79077
2012-09,32087
2012-09,16902
2012-09,2149
2012-09,30
2012-09,59337
2012-09,31077
2012-09,71
2012-09,1334
2012-09,10427
2012-09,71123
2012-09,33033
2012-09,8990
2012-09,13809
2012-09,216886
2012-09,30724
2012-09,8539
2012-09,0
2012-09,9528
2012-09,17519
2012-09,32715
2012-09,37424
2012-09,14861
2012-09,37258
2012-09,11118
2012-09,5806
2012-09,9948
2012-09,10028
2012-09,6471
2012-09,10284
2012-09,28050
2012-09,33538
2012-09,6599
2012-09,44695
2012-09,25546
2012-09,20203
2012-09,72565
2012-09,1149
2012-09,1771
2012-09,20783
2012-09,7029
2012-09,35175
2012-09,108117
2012-09,16936
2012-09,2983
2012-09,41
2012-09,33749
2012-09,36883
2012-09,17549
2012-09,34070
2012-09,4874
2012-08,32191
2012-08,7482
2012-08,27791
2012-08,17976
2012-08,87291
2012-08,34204
2012-08,18497
2012-08,2259
2012-08,40
2012-08,63007
2012-08,34710
2012-08,78
2012-08,1426
2012-08,10348
2012-08,85626
2012-08,35953
2012-08,9917
2012-08,15708
2012-08,216276
2012-08,25320
2012-08,7054
2012-08,0
2012-08,10609
2012-08,17855
2012-08,32653
2012-08,34927
2012-08,17313
2012-08,39336
2012-08,10765
2012-08,6141
2012-08,11228
2012-08,9918
2012-08,7179
2012-08,11175
2012-08,24296
2012-08,37343
2012-08,5815
2012-08,43974
2012-08,28548
2012-08,18294
2012-08,75174
2012-08,1374
2012-08,1658
2012-08,23329
2012-08,6525
2012-08,39107
2012-08,117318
2012-08,19635
2012-08,2397
2012-08,38
2012-08,32039
2012-08,39036
2012-08,17075
2012-08,34499
2012-08,4969
2012-07,26858
2012-07,5963
2012-07,23776
2012-07,14859
2012-07,80683
2012-07,28679
2012-07,16544
2012-07,1907
2012-07,41
2012-07,57012
2012-07,28807
2012-07,62
2012-07,1313
2012-07,8239
2012-07,65557
2012-07,29009
2012-07,8596
2012-07,13225
2012-07,209830
2012-07,19708
2012-07,5344
2012-07,0
2012-07,8478
2012-07,14682
2012-07,25821
2012-07,25668
2012-07,12428
2012-07,30826
2012-07,8537
2012-07,4557
2012-07,9229
2012-07,8297
2012-07,6430
2012-07,9051
2012-07,20284
2012-07,30022
2012-07,4936
2012-07,37815
2012-07,22596
2012-07,16380
2012-07,64227
2012-07,1202
2012-07,1486
2012-07,21905
2012-07,4742
2012-07,35059
2012-07,93179
2012-07,16303
2012-07,2067
2012-07,34
2012-07,30064
2012-07,34518
2012-07,12858
2012-07,25991
2012-07,3901
2012-06,26055
2012-06,6231
2012-06,23452
2012-06,13640
2012-06,85384
2012-06,25936
2012-06,17348
2012-06,1737
2012-06,20
2012-06,55905
2012-06,27206
2012-06,83
2012-06,1260
2012-06,8872
2012-06,75388
2012-06,28002
2012-06,7505
2012-06,12147
2012-06,209443
2012-06,18895
2012-06,5581
2012-06,1
2012-06,8127
2012-06,15165
2012-06,26213
2012-06,27343
2012-06,11832
2012-06,30925
2012-06,9498
2012-06,4413
2012-06,9605
2012-06,9486
2012-06,6723
2012-06,9906
2012-06,20283
2012-06,29124
2012-06,5770
2012-06,37375
2012-06,22450
2012-06,17331
2012-06,60533
2012-06,1255
2012-06,1457
2012-06,22649
2012-06,4553
2012-06,33629
2012-06,89057
2012-06,17624
2012-06,2036
2012-06,38
2012-06,25962
2012-06,37742
2012-06,12880
2012-06,24986
2012-06,4149
2012-05,24617
2012-05,6697
2012-05,23073
2012-05,12851
2012-05,83820
2012-05,27051
2012-05,18426
2012-05,1813
2012-05,26
2012-05,54996
2012-05,27905
2012-05,51
2012-05,1408
2012-05,9358
2012-05,78257
2012-05,31246
2012-05,9505
2012-05,12295
2012-05,204954
2012-05,17048
2012-05,5802
2012-05,1
2012-05,9074
2012-05,15951
2012-05,29042
2012-05,31819
2012-05,11613
2012-05,30808
2012-05,9277
2012-05,4708
2012-05,10415
2012-05,8723
2012-05,6952
2012-05,9488
2012-05,22811
2012-05,31590
2012-05,6310
2012-05,36717
2012-05,21764
2012-05,16915
2012-05,62343
2012-05,1297
2012-05,1655
2012-05,21046
2012-05,4777
2012-05,31263
2012-05,88027
2012-05,17117
2012-05,2176
2012-05,45
2012-05,25559
2012-05,37315
2012-05,13060
2012-05,30059
2012-05,4476
2012-04,25289
2012-04,7359
2012-04,24088
2012-04,14875
2012-04,90368
2012-04,29874
2012-04,19172
2012-04,1997
2012-04,29
2012-04,57162
2012-04,27989
2012-04,70
2012-04,1599
2012-04,10070
2012-04,93918
2012-04,37242
2012-04,11101
2012-04,12984
2012-04,204963
2012-04,17563
2012-04,6736
2012-04,2
2012-04,10204
2012-04,15957
2012-04,32598
2012-04,37216
2012-04,11424
2012-04,34335
2012-04,9869
2012-04,5476
2012-04,11897
2012-04,9937
2012-04,6904
2012-04,9845
2012-04,25906
2012-04,31334
2012-04,6652
2012-04,44422
2012-04,23286
2012-04,20442
2012-04,71690
2012-04,1167
2012-04,1806
2012-04,20048
2012-04,5538
2012-04,33338
2012-04,88867
2012-04,18140
2012-04,2862
2012-04,27
2012-04,30439
2012-04,41366
2012-04,14643
2012-04,39410
2012-04,4579
2012-03,33964
2012-03,6886
2012-03,32310
2012-03,19824
2012-03,107573
2012-03,36411
2012-03,22234
2012-03,2486
2012-03,34
2012-03,68009
2012-03,40518
2012-03,72
2012-03,1547
2012-03,12760
2012-03,105812
2012-03,46111
2012-03,14773
2012-03,18716
2012-03,211057
2012-03,23196
2012-03,8348
2012-03,0
2012-03,11645
2012-03,18697
2012-03,40012
2012-03,43516
2012-03,15955
2012-03,44469
2012-03,11723
2012-03,7126
2012-03,13338
2012-03,10866
2012-03,7587
2012-03,13239
2012-03,29139
2012-03,41221
2012-03,8337
2012-03,57181
2012-03,30398
2012-03,25401
2012-03,93005
2012-03,1467
2012-03,2237
2012-03,26955
2012-03,7242
2012-03,40590
2012-03,122295
2012-03,20038
2012-03,3565
2012-03,17
2012-03,36602
2012-03,46610
2012-03,19085
2012-03,47104
2012-03,5822
2012-02,39993
2012-02,5712
2012-02,30320
2012-02,25303
2012-02,89188
2012-02,35411
2012-02,19861
2012-02,2503
2012-02,39
2012-02,73182
2012-02,49066
2012-02,91
2012-02,1257
2012-02,11776
2012-02,88343
2012-02,45553
2012-02,16076
2012-02,19272
2012-02,215496
2012-02,26139
2012-02,7547
2012-02,0
2012-02,12186
2012-02,15536
2012-02,39674
2012-02,34904
2012-02,21136
2012-02,49037
2012-02,11811
2012-02,7184
2012-02,12627
2012-02,10126
2012-02,6545
2012-02,13631
2012-02,29129
2012-02,49479
2012-02,7192
2012-02,61246
2012-02,34440
2012-02,23339
2012-02,89424
2012-02,1327
2012-02,2064
2012-02,32897
2012-02,7261
2012-02,49025
2012-02,130571
2012-02,16204
2012-02,3182
2012-02,38
2012-02,40976
2012-02,44047
2012-02,23043
2012-02,47912
2012-02,5325
2012-01,28358
2012-01,3824
2012-01,22223
2012-01,16113
2012-01,75418
2012-01,30531
2012-01,17958
2012-01,2054
2012-01,45
2012-01,58468
2012-01,34191
2012-01,78
2012-01,1079
2012-01,9525
2012-01,89958
2012-01,31328
2012-01,13663
2012-01,15972
2012-01,199339
2012-01,20314
2012-01,5625
2012-01,0
2012-01,8893
2012-01,13612
2012-01,29519
2012-01,28780
2012-01,14352
2012-01,35338
2012-01,8531
2012-01,6811
2012-01,9988
2012-01,8336
2012-01,5312
2012-01,9317
2012-01,21957
2012-01,36985
2012-01,5492
2012-01,39215
2012-01,25498
2012-01,17368
2012-01,66682
2012-01,936
2012-01,1671
2012-01,21901
2012-01,5984
2012-01,35142
2012-01,96394
2012-01,12187
2012-01,2051
2012-01,30
2012-01,28119
2012-01,33742
2012-01,14865
2012-01,43852
2012-01,3892
,19463832
,
2011-12,52052
2011-12,7088
2011-12,29627
2011-12,26723
2011-12,89592
2011-12,39534
2011-12,18592
2011-12,3267
2011-12,23
2011-12,77755
2011-12,49928
2011-12,79
2011-12,1187
2011-12,13338
2011-12,97520
2011-12,43254
2011-12,15052
2011-12,21656
2011-12,213645
2011-12,40429
2011-12,8697
2011-12,0
2011-12,12598
2011-12,14572
2011-12,36413
2011-12,34186
2011-12,30813
2011-12,48893
2011-12,11738
2011-12,9645
2011-12,13497
2011-12,9728
2011-12,6941
2011-12,13266
2011-12,31212
2011-12,49323
2011-12,7520
2011-12,62381
2011-12,37536
2011-12,24924
2011-12,84456
2011-12,1219
2011-12,1961
2011-12,30538
2011-12,8560
2011-12,56878
2011-12,154482
2011-12,22412
2011-12,3084
2011-12,111
2011-12,43199
2011-12,44046
2011-12,24967
2011-12,67987
2011-12,6276
2011-11,37559
2011-11,5264
2011-11,21962
2011-11,21952
2011-11,74118
2011-11,31566
2011-11,15588
2011-11,2422
2011-11,33
2011-11,58793
2011-11,33484
2011-11,37
2011-11,1110
2011-11,9207
2011-11,85419
2011-11,35122
2011-11,14326
2011-11,17794
2011-11,203683
2011-11,28512
2011-11,6775
2011-11,0
2011-11,11678
2011-11,12944
2011-11,34261
2011-11,29226
2011-11,23983
2011-11,39621
2011-11,8837
2011-11,7645
2011-11,10148
2011-11,8464
2011-11,5896
2011-11,10111
2011-11,28792
2011-11,38647
2011-11,6415
2011-11,49995
2011-11,29611
2011-11,18197
2011-11,73684
2011-11,1100
2011-11,1534
2011-11,23354
2011-11,7157
2011-11,41364
2011-11,112058
2011-11,17367
2011-11,2616
2011-11,92
2011-11,34504
2011-11,33662
2011-11,21995
2011-11,73346
2011-11,4424
2011-10,27096
2011-10,7586
2011-10,20660
2011-10,17704
2011-10,83926
2011-10,27895
2011-10,14842
2011-10,2141
2011-10,35
2011-10,52459
2011-10,30008
2011-10,52
2011-10,1080
2011-10,9704
2011-10,69530
2011-10,28973
2011-10,11784
2011-10,13909
2011-10,196026
2011-10,24489
2011-10,8725
2011-10,0
2011-10,9038
2011-10,13199
2011-10,29448
2011-10,33383
2011-10,16435
2011-10,34786
2011-10,11459
2011-10,5918
2011-10,8750
2011-10,8228
2011-10,5071
2011-10,9724
2011-10,26213
2011-10,31770
2011-10,7713
2011-10,39276
2011-10,21830
2011-10,16276
2011-10,63135
2011-10,1137
2011-10,1464
2011-10,18470
2011-10,8405
2011-10,39802
2011-10,96869
2011-10,13611
2011-10,2669
2011-10,85
2011-10,29209
2011-10,33594
2011-10,17195
2011-10,24984
2011-10,4066
2011-09,25550
2011-09,5603
2011-09,19614
2011-09,17056
2011-09,70043
2011-09,27601
2011-09,14477
2011-09,1751
2011-09,39
2011-09,49825
2011-09,28549
2011-09,37
2011-09,991
2011-09,9756
2011-09,66147
2011-09,27494
2011-09,10514
2011-09,11634
2011-09,194180
2011-09,27344
2011-09,6967
2011-09,0
2011-09,7465
2011-09,12509
2011-09,29598
2011-09,30635
2011-09,14705
2011-09,31041
2011-09,10256
2011-09,4939
2011-09,8986
2011-09,8018
2011-09,4691
2011-09,9001
2011-09,24847
2011-09,29321
2011-09,5779
2011-09,35819
2011-09,21437
2011-09,16606
2011-09,58671
2011-09,1084
2011-09,1350
2011-09,17958
2011-09,6092
2011-09,29468
2011-09,95830
2011-09,12668
2011-09,2415
2011-09,66
2011-09,25348
2011-09,30810
2011-09,15704
2011-09,21701
2011-09,4614
2011-08,25075
2011-08,6191
2011-08,19178
2011-08,15574
2011-08,76162
2011-08,25611
2011-08,13583
2011-08,1544
2011-08,12
2011-08,49864
2011-08,27571
2011-08,35
2011-08,1186
2011-08,8600
2011-08,66058
2011-08,28228
2011-08,10193
2011-08,12273
2011-08,189671
2011-08,20405
2011-08,5647
2011-08,0
2011-08,7885
2011-08,12992
2011-08,26445
2011-08,26543
2011-08,13706
2011-08,30121
2011-08,8782
2011-08,4713
2011-08,9274
2011-08,7031
2011-08,4554
2011-08,9187
2011-08,20848
2011-08,28308
2011-08,4793
2011-08,33656
2011-08,20606
2011-08,14272
2011-08,54953
2011-08,991
2011-08,1367
2011-08,18589
2011-08,5338
2011-08,31215
2011-08,88889
2011-08,120911
2011-08,1973
2011-08,89
2011-08,23087
2011-08,30258
2011-08,13269
2011-08,19017
2011-08,4110
2011-07,21394
2011-07,5228
2011-07,17393
2011-07,12443
2011-07,62387
2011-07,22111
2011-07,13519
2011-07,1348
2011-07,4
2011-07,44259
2011-07,23438
2011-07,38
2011-07,1001
2011-07,7019
2011-07,58099
2011-07,18687
2011-07,7925
2011-07,9855
2011-07,184356
2011-07,16513
2011-07,4989
2011-07,0
2011-07,6505
2011-07,11285
2011-07,20783
2011-07,18160
2011-07,10757
2011-07,24059
2011-07,7591
2011-07,3262
2011-07,8504
2011-07,6643
2011-07,4283
2011-07,8027
2011-07,15609
2011-07,22879
2011-07,3594
2011-07,29200
2011-07,17504
2011-07,13172
2011-07,45686
2011-07,816
2011-07,1105
2011-07,14201
2011-07,3759
2011-07,29884
2011-07,77160
2011-07,129912
2011-07,1551
2011-07,102
2011-07,23271
2011-07,27113
2011-07,11387
2011-07,14162
2011-07,3423
2011-06,21639
2011-06,5011
2011-06,16921
2011-06,12967
2011-06,75317
2011-06,22374
2011-06,15027
2011-06,1381
2011-06,6
2011-06,45007
2011-06,23612
2011-06,40
2011-06,1024
2011-06,7309
2011-06,56547
2011-06,23206
2011-06,9134
2011-06,9557
2011-06,183978
2011-06,15573
2011-06,4489
2011-06,0
2011-06,6397
2011-06,11643
2011-06,23436
2011-06,21508
2011-06,9714
2011-06,24461
2011-06,7534
2011-06,3407
2011-06,8731
2011-06,6730
2011-06,4471
2011-06,8248
2011-06,17222
2011-06,23829
2011-06,3453
2011-06,27715
2011-06,16926
2011-06,15010
2011-06,46403
2011-06,968
2011-06,1195
2011-06,14435
2011-06,3871
2011-06,26388
2011-06,79768
2011-06,116927
2011-06,1711
2011-06,178
2011-06,19279
2011-06,28038
2011-06,10610
2011-06,13675
2011-06,3714
2011-05,20125
2011-05,5481
2011-05,17228
2011-05,12861
2011-05,66457
2011-05,24526
2011-05,15458
2011-05,1412
2011-05,15
2011-05,44317
2011-05,23106
2011-05,35
2011-05,1046
2011-05,7507
2011-05,55615
2011-05,24145
2011-05,11264
2011-05,9818
2011-05,180713
2011-05,14440
2011-05,4680
2011-05,0
2011-05,6920
2011-05,12030
2011-05,26415
2011-05,25879
2011-05,9594
2011-05,25846
2011-05,8102
2011-05,3768
2011-05,9903
2011-05,6348
2011-05,4744
2011-05,8107
2011-05,19043
2011-05,23166
2011-05,4020
2011-05,30264
2011-05,16468
2011-05,16844
2011-05,48401
2011-05,974
2011-05,1191
2011-05,14728
2011-05,4300
2011-05,33407
2011-05,81733
2011-05,156415
2011-05,1833
2011-05,112
2011-05,20659
2011-05,29384
2011-05,10691
2011-05,14313
2011-05,4021
2011-04,21718
2011-04,7213
2011-04,20312
2011-04,14440
2011-04,87052
2011-04,28366
2011-04,17025
2011-04,1682
2011-04,40
2011-04,49574
2011-04,25173
2011-04,43
2011-04,1025
2011-04,8688
2011-04,68667
2011-04,29792
2011-04,15666
2011-04,12000
2011-04,184195
2011-04,15795
2011-04,5735
2011-04,0
2011-04,8500
2011-04,13456
2011-04,33074
2011-04,32612
2011-04,10880
2011-04,31760
2011-04,9246
2011-04,4888
2011-04,9911
2011-04,7879
2011-04,5327
2011-04,9344
2011-04,23702
2011-04,26486
2011-04,5014
2011-04,39009
2011-04,20910
2011-04,18924
2011-04,62023
2011-04,819
2011-04,1560
2011-04,16096
2011-04,5359
2011-04,34499
2011-04,87448
2011-04,106858
2011-04,2611
2011-04,90
2011-04,25922
2011-04,33741
2011-04,13548
2011-04,19630
2011-04,4346
2011-03,27452
2011-03,6324
2011-03,24362
2011-03,19153
2011-03,84183
2011-03,32233
2011-03,19479
2011-03,2121
2011-03,40
2011-03,57319
2011-03,34903
2011-03,30
2011-03,1226
2011-03,9694
2011-03,81115
2011-03,38315
2011-03,24621
2011-03,17046
2011-03,184546
2011-03,19561
2011-03,6751
2011-03,0
2011-03,9754
2011-03,15402
2011-03,40176
2011-03,35730
2011-03,13865
2011-03,39100
2011-03,9800
2011-03,6471
2011-03,11807
2011-03,8374
2011-03,5686
2011-03,10732
2011-03,25590
2011-03,34691
2011-03,5026
2011-03,45933
2011-03,22825
2011-03,21396
2011-03,72258
2011-03,928
2011-03,1756
2011-03,21669
2011-03,6115
2011-03,49190
2011-03,97274
2011-03,19213
2011-03,2835
2011-03,179
2011-03,30593
2011-03,38679
2011-03,15674
2011-03,23330
2011-03,5184
2011-02,31759
2011-02,5016
2011-02,24293
2011-02,20726
2011-02,67480
2011-02,28056
2011-02,15154
2011-02,1878
2011-02,35
2011-02,60661
2011-02,40229
2011-02,41
2011-02,889
2011-02,8804
2011-02,59431
2011-02,32083
2011-02,21226
2011-02,15363
2011-02,188375
2011-02,21596
2011-02,5003
2011-02,0
2011-02,8759
2011-02,11390
2011-02,29976
2011-02,25707
2011-02,17673
2011-02,35225
2011-02,8786
2011-02,5627
2011-02,10209
2011-02,6939
2011-02,4498
2011-02,11305
2011-02,20575
2011-02,38046
2011-02,4196
2011-02,43281
2011-02,24262
2011-02,19107
2011-02,60141
2011-02,724
2011-02,1529
2011-02,23822
2011-02,5636
2011-02,41709
2011-02,98234
2011-02,148222
2011-02,2326
2011-02,138
2011-02,31915
2011-02,35059
2011-02,18145
2011-02,17288
2011-02,4591
2011-01,24683
2011-01,4193
2011-01,19927
2011-01,14629
2011-01,68984
2011-01,26423
2011-01,13324
2011-01,1543
2011-01,18
2011-01,53396
2011-01,27893
2011-01,44
2011-01,870
2011-01,6990
2011-01,64814
2011-01,30541
2011-01,28239
2011-01,13993
2011-01,177464
2011-01,19895
2011-01,4669
2011-01,1
2011-01,7521
2011-01,12065
2011-01,26610
2011-01,23965
2011-01,12934
2011-01,30010
2011-01,6843
2011-01,5577
2011-01,9020
2011-01,6602
2011-01,4094
2011-01,8568
2011-01,18184
2011-01,28745
2011-01,3509
2011-01,32445
2011-01,21901
2011-01,15053
2011-01,49123
2011-01,765
2011-01,1259
2011-01,15559
2011-01,5062
2011-01,37303
2011-01,85642
2011-01,156273
2011-01,1668
2011-01,114
2011-01,24482
2011-01,30026
2011-01,12306
2011-01,13328
2011-01,3455
,16336732
,
2010-12,43266
2010-12,7036
2010-12,23942
2010-12,23821
2010-12,81522
2010-12,34693
2010-12,15546
2010-12,2410
2010-12,27
2010-12,65408
2010-12,41531
2010-12,48
2010-12,934
2010-12,9918
2010-12,69260
2010-12,37028
2010-12,16089
2010-12,19964
2010-12,188188
2010-12,35873
2010-12,6833
2010-12,0
2010-12,9646
2010-12,11887
2010-12,32584
2010-12,26439
2010-12,26488
2010-12,39676
2010-12,9871
2010-12,7793
2010-12,11649
2010-12,8022
2010-12,4848
2010-12,11905
2010-12,24956
2010-12,39333
2010-12,4425
2010-12,46461
2010-12,29658
2010-12,20795
2010-12,63510
2010-12,807
2010-12,1456
2010-12,23732
2010-12,7178
2010-12,51102
2010-12,126861
2010-12,36690
2010-12,2344
2010-12,132
2010-12,32861
2010-12,34198
2010-12,18577
2010-12,17665
2010-12,5379
2010-11,32668
2010-11,5035
2010-11,17575
2010-11,20782
2010-11,63995
2010-11,27634
2010-11,15005
2010-11,2058
2010-11,23
2010-11,50550
2010-11,29045
2010-11,42
2010-11,800
2010-11,6874
2010-11,63906
2010-11,32292
2010-11,13273
2010-11,16070
2010-11,181908
2010-11,26317
2010-11,6065
2010-11,0
2010-11,9827
2010-11,11609
2010-11,33796
2010-11,23577
2010-11,21845
2010-11,34075
2010-11,7676
2010-11,6709
2010-11,9052
2010-11,6942
2010-11,5087
2010-11,8812
2010-11,25758
2010-11,32825
2010-11,4490
2010-11,42549
2010-11,24250
2010-11,15153
2010-11,67443
2010-11,663
2010-11,1331
2010-11,21016
2010-11,6566
2010-11,38300
2010-11,95755
2010-11,17282
2010-11,2292
2010-11,120
2010-11,29492
2010-11,26375
2010-11,19482
2010-11,21043
2010-11,3708
2010-10,25403
2010-10,6817
2010-10,16732
2010-10,16979
2010-10,68851
2010-10,25402
2010-10,14371
2010-10,1720
2010-10,26
2010-10,46464
2010-10,28899
2010-10,43
2010-10,913
2010-10,8121
2010-10,62384
2010-10,30124
2010-10,11029
2010-10,14359
2010-10,177281
2010-10,24310
2010-10,8605
2010-10,0
2010-10,7702
2010-10,12237
2010-10,30825
2010-10,33303
2010-10,15634
2010-10,32211
2010-10,10789
2010-10,6038
2010-10,7817
2010-10,7579
2010-10,4423
2010-10,8830
2010-10,25138
2010-10,28544
2010-10,6477
2010-10,35171
2010-10,19605
2010-10,15007
2010-10,57446
2010-10,597
2010-10,1306
2010-10,14800
2010-10,8232
2010-10,34894
2010-10,91997
2010-10,154655
2010-10,2592
2010-10,111
2010-10,25771
2010-10,29320
2010-10,16499
2010-10,21543
2010-10,3968
2010-09,23344
2010-09,5188
2010-09,17027
2010-09,15907
2010-09,60530
2010-09,23433
2010-09,13743
2010-09,1571
2010-09,29
2010-09,42666
2010-09,24281
2010-09,41
2010-09,874
2010-09,8017
2010-09,58617
2010-09,27346
2010-09,9588
2010-09,11262
2010-09,172165
2010-09,24914
2010-09,6817
2010-09,0
2010-09,6809
2010-09,10818
2010-09,30062
2010-09,31519
2010-09,13250
2010-09,27317
2010-09,9441
2010-09,4768
2010-09,7908
2010-09,6987
2010-09,4078
2010-09,8743
2010-09,22021
2010-09,26711
2010-09,4733
2010-09,30234
2010-09,17862
2010-09,16035
2010-09,52002
2010-09,706
2010-09,1178
2010-09,15413
2010-09,6051
2010-09,31436
2010-09,78300
2010-09,38412
2010-09,2344
2010-09,158
2010-09,22314
2010-09,28670
2010-09,13298
2010-09,18610
2010-09,4332
2010-08,23813
2010-08,5735
2010-08,16826
2010-08,13877
2010-08,65506
2010-08,25298
2010-08,14183
2010-08,1418
2010-08,23
2010-08,42301
2010-08,23723
2010-08,50
2010-08,874
2010-08,6798
2010-08,59738
2010-08,29281
2010-08,7723
2010-08,10317
2010-08,181135
2010-08,19062
2010-08,5119
2010-08,0
2010-08,6823
2010-08,9673
2010-08,26506
2010-08,24702
2010-08,12666
2010-08,26607
2010-08,8707
2010-08,4228
2010-08,8228
2010-08,6093
2010-08,3801
2010-08,8914
2010-08,18015
2010-08,26494
2010-08,3629
2010-08,28258
2010-08,17819
2010-08,13652
2010-08,47362
2010-08,742
2010-08,1151
2010-08,15262
2010-08,4761
2010-08,30419
2010-08,81327
2010-08,13179
2010-08,1698
2010-08,151
2010-08,22580
2010-08,26001
2010-08,11116
2010-08,15192
2010-08,3804
2010-07,20513
2010-07,5129
2010-07,14910
2010-07,12316
2010-07,62682
2010-07,21849
2010-07,12848
2010-07,1272
2010-07,37
2010-07,40949
2010-07,21897
2010-07,43
2010-07,783
2010-07,5973
2010-07,50122
2010-07,24070
2010-07,6921
2010-07,8428
2010-07,219640
2010-07,15351
2010-07,4143
2010-07,0
2010-07,6047
2010-07,7845
2010-07,21625
2010-07,19268
2010-07,10321
2010-07,22889
2010-07,7058
2010-07,3252
2010-07,7500
2010-07,5711
2010-07,3728
2010-07,8829
2010-07,15277
2010-07,22358
2010-07,2818
2010-07,26464
2010-07,15970
2010-07,12364
2010-07,43054
2010-07,735
2010-07,990
2010-07,13501
2010-07,3810
2010-07,27459
2010-07,67262
2010-07,65785
2010-07,1523
2010-07,190
2010-07,21272
2010-07,23826
2010-07,10050
2010-07,10964
2010-07,3265
2010-06,18801
2010-06,5126
2010-06,13846
2010-06,12677
2010-06,61889
2010-06,21273
2010-06,14432
2010-06,1222
2010-06,21
2010-06,39190
2010-06,21083
2010-06,29
2010-06,895
2010-06,6472
2010-06,52369
2010-06,25869
2010-06,7847
2010-06,8099
2010-06,216147
2010-06,13340
2010-06,4308
2010-06,0
2010-06,5753
2010-06,7959
2010-06,22964
2010-06,21173
2010-06,9040
2010-06,23624
2010-06,7421
2010-06,3627
2010-06,7610
2010-06,5666
2010-06,3787
2010-06,7867
2010-06,16345
2010-06,21312
2010-06,3154
2010-06,23934
2010-06,14331
2010-06,13236
2010-06,43153
2010-06,650
2010-06,1044
2010-06,14532
2010-06,3696
2010-06,26099
2010-06,60337
2010-06,17437
2010-06,1433
2010-06,156
2010-06,16652
2010-06,24456
2010-06,9774
2010-06,11437
2010-06,3668
2010-05,18752
2010-05,5385
2010-05,15048
2010-05,11251
2010-05,69344
2010-05,21575
2010-05,13890
2010-05,1227
2010-05,26
2010-05,39988
2010-05,21440
2010-05,46
2010-05,787
2010-05,7017
2010-05,45009
2010-05,24879
2010-05,7568
2010-05,8360
2010-05,213810
2010-05,12402
2010-05,4219
2010-05,0
2010-05,6097
2010-05,7926
2010-05,25102
2010-05,20172
2010-05,9100
2010-05,23067
2010-05,7361
2010-05,3567
2010-05,8692
2010-05,5694
2010-05,3913
2010-05,7727
2010-05,16001
2010-05,20806
2010-05,3279
2010-05,25857
2010-05,15202
2010-05,14063
2010-05,41779
2010-05,613
2010-05,1052
2010-05,13570
2010-05,3889
2010-05,23904
2010-05,61789
2010-05,18308
2010-05,1638
2010-05,87
2010-05,27723
2010-05,24989
2010-05,9350
2010-05,11567
2010-05,3911
2010-04,20791
2010-04,6411
2010-04,16578
2010-04,14563
2010-04,80750
2010-04,23609
2010-04,15922
2010-04,1439
2010-04,35
2010-04,42794
2010-04,24065
2010-04,35
2010-04,963
2010-04,7814
2010-04,53929
2010-04,25232
2010-04,9720
2010-04,9529
2010-04,211261
2010-04,13373
2010-04,5073
2010-04,0
2010-04,6992
2010-04,8748
2010-04,29383
2010-04,26351
2010-04,9702
2010-04,26289
2010-04,8367
2010-04,4141
2010-04,9294
2010-04,6911
2010-04,4215
2010-04,8599
2010-04,19906
2010-04,23378
2010-04,3726
2010-04,31312
2010-04,17750
2010-04,16031
2010-04,50249
2010-04,642
2010-04,1199
2010-04,14441
2010-04,4561
2010-04,30453
2010-04,65012
2010-04,109391
2010-04,2053
2010-04,161
2010-04,44137
2010-04,27816
2010-04,11180
2010-04,16471
2010-04,4013
2010-03,26403
2010-03,5577
2010-03,18142
2010-03,16781
2010-03,74011
2010-03,26781
2010-03,19380
2010-03,1878
2010-03,52
2010-03,51836
2010-03,32199
2010-03,60
2010-03,1055
2010-03,9051
2010-03,65629
2010-03,32174
2010-03,13878
2010-03,12889
2010-03,211068
2010-03,18069
2010-03,5941
2010-03,0
2010-03,8437
2010-03,10018
2010-03,37529
2010-03,29495
2010-03,13284
2010-03,33666
2010-03,9108
2010-03,5480
2010-03,10375
2010-03,7705
2010-03,4949
2010-03,10359
2010-03,22365
2010-03,30488
2010-03,4035
2010-03,38472
2010-03,19616
2010-03,18422
2010-03,65871
2010-03,691
2010-03,1542
2010-03,18306
2010-03,5388
2010-03,43340
2010-03,77795
2010-03,17173
2010-03,2630
2010-03,130
2010-03,30216
2010-03,32149
2010-03,13794
2010-03,21554
2010-03,4382
2010-02,30456
2010-02,4649
2010-02,19737
2010-02,18988
2010-02,64271
2010-02,25008
2010-02,14929
2010-02,1387
2010-02,29
2010-02,50797
2010-02,35867
2010-02,52
2010-02,829
2010-02,8724
2010-02,55994
2010-02,30162
2010-02,10673
2010-02,13308
2010-02,211077
2010-02,19631
2010-02,4916
2010-02,0
2010-02,6974
2010-02,8302
2010-02,31742
2010-02,21210
2010-02,16277
2010-02,34082
2010-02,8525
2010-02,4620
2010-02,8959
2010-02,6377
2010-02,3655
2010-02,10513
2010-02,18302
2010-02,32128
2010-02,3253
2010-02,34190
2010-02,24308
2010-02,16920
2010-02,47352
2010-02,635
2010-02,1316
2010-02,20358
2010-02,5010
2010-02,47562
2010-02,87849
2010-02,22622
2010-02,2234
2010-02,113
2010-02,25620
2010-02,30358
2010-02,14737
2010-02,16017
2010-02,4013
2010-01,24397
2010-01,3821
2010-01,15687
2010-01,13506
2010-01,63048
2010-01,24265
2010-01,15346
2010-01,1638
2010-01,21
2010-01,46404
2010-01,29217
2010-01,53
2010-01,826
2010-01,7252
2010-01,58343
2010-01,27193
2010-01,10429
2010-01,11571
2010-01,201899
2010-01,16562
2010-01,3949
2010-01,0
2010-01,7055
2010-01,8882
2010-01,26082
2010-01,20181
2010-01,12266
2010-01,26169
2010-01,6771
2010-01,4060
2010-01,7705
2010-01,6253
2010-01,4038
2010-01,7971
2010-01,17411
2010-01,27260
2010-01,3064
2010-01,30348
2010-01,17538
2010-01,13157
2010-01,47456
2010-01,597
2010-01,1270
2010-01,16697
2010-01,4009
2010-01,26056
2010-01,73787
2010-01,42200
2010-01,1495
2010-01,85
2010-01,22145
2010-01,27184
2010-01,11693
2010-01,12734
2010-01,3266
,14320489
,
2009-12,42196
2009-12,6015
2009-12,19703
2009-12,23034
2009-12,69236
2009-12,29201
2009-12,15154
2009-12,2261
2009-12,19
2009-12,57449
2009-12,39352
2009-12,62
2009-12,992
2009-12,9733
2009-12,68399
2009-12,32448
2009-12,13755
2009-12,16327
2009-12,209466
2009-12,32641
2009-12,5887
2009-12,0
2009-12,8685
2009-12,8378
2009-12,32436
2009-12,21883
2009-12,25014
2009-12,37466
2009-12,9258
2009-12,6316
2009-12,10737
2009-12,6515
2009-12,4993
2009-12,10961
2009-12,23872
2009-12,38760
2009-12,4183
2009-12,41266
2009-12,26203
2009-12,18820
2009-12,56361
2009-12,726
2009-12,1372
2009-12,22497
2009-12,6356
2009-12,48145
2009-12,114889
2009-12,18166
2009-12,2056
2009-12,94
2009-12,29884
2009-12,32457
2009-12,17719
2009-12,16605
2009-12,4706
2009-11,30734
2009-11,4726
2009-11,14003
2009-11,18795
2009-11,56392
2009-11,24466
2009-11,13520
2009-11,1926
2009-11,33
2009-11,46324
2009-11,27511
2009-11,43
2009-11,859
2009-11,7406
2009-11,64018
2009-11,29522
2009-11,11146
2009-11,14017
2009-11,195656
2009-11,22565
2009-11,5444
2009-11,0
2009-11,9498
2009-11,8631
2009-11,32954
2009-11,20902
2009-11,18202
2009-11,30743
2009-11,7326
2009-11,5792
2009-11,8367
2009-11,6536
2009-11,4713
2009-11,7963
2009-11,23176
2009-11,30279
2009-11,4107
2009-11,39266
2009-11,21832
2009-11,14938
2009-11,60101
2009-11,585
2009-11,1186
2009-11,21990
2009-11,5742
2009-11,40591
2009-11,95339
2009-11,12993
2009-11,2068
2009-11,117
2009-11,27434
2009-11,24453
2009-11,17419
2009-11,19327
2009-11,3553
2009-10,27346
2009-10,6724
2009-10,14831
2009-10,18480
2009-10,64468
2009-10,22940
2009-10,14754
2009-10,1763
2009-10,28
2009-10,44824
2009-10,28353
2009-10,50
2009-10,853
2009-10,8237
2009-10,65610
2009-10,29405
2009-10,11607
2009-10,13343
2009-10,194580
2009-10,22882
2009-10,7967
2009-10,0
2009-10,8169
2009-10,8887
2009-10,31974
2009-10,29398
2009-10,14967
2009-10,33121
2009-10,10521
2009-10,6017
2009-10,8224
2009-10,8681
2009-10,4953
2009-10,8776
2009-10,25423
2009-10,29399
2009-10,5749
2009-10,33727
2009-10,18934
2009-10,14610
2009-10,56079
2009-10,705
2009-10,1355
2009-10,16984
2009-10,7578
2009-10,35780
2009-10,78429
2009-10,30908
2009-10,2421
2009-10,113
2009-10,27563
2009-10,27301
2009-10,15987
2009-10,21119
2009-10,3663
2009-09,24221
2009-09,4885
2009-09,14619
2009-09,15465
2009-09,62920
2009-09,21855
2009-09,15448
2009-09,1520
2009-09,28
2009-09,39874
2009-09,24701
2009-09,41
2009-09,867
2009-09,7615
2009-09,60010
2009-09,25710
2009-09,8711
2009-09,10137
2009-09,187031
2009-09,25613
2009-09,5887
2009-09,0
2009-09,7152
2009-09,7681
2009-09,28759
2009-09,25748
2009-09,12488
2009-09,26143
2009-09,8753
2009-09,4638
2009-09,6985
2009-09,6327
2009-09,4083
2009-09,8047
2009-09,21159
2009-09,25737
2009-09,4419
2009-09,27796
2009-09,16049
2009-09,14503
2009-09,50424
2009-09,715
2009-09,1098
2009-09,16028
2009-09,5738
2009-09,27528
2009-09,74929
2009-09,15749
2009-09,2028
2009-09,147
2009-09,21425
2009-09,24405
2009-09,12343
2009-09,17700
2009-09,3804
2009-08,24123
2009-08,5076
2009-08,14956
2009-08,14319
2009-08,65927
2009-08,22782
2009-08,15081
2009-08,1545
2009-08,31
2009-08,40232
2009-08,25045
2009-08,42
2009-08,687
2009-08,6930
2009-08,54912
2009-08,19136
2009-08,7213
2009-08,10762
2009-08,182433
2009-08,18088
2009-08,4406
2009-08,0
2009-08,6379
2009-08,6682
2009-08,26423
2009-08,21487
2009-08,11702
2009-08,26207
2009-08,8311
2009-08,4108
2009-08,7597
2009-08,6019
2009-08,4172
2009-08,8333
2009-08,17289
2009-08,24625
2009-08,3439
2009-08,26574
2009-08,17083
2009-08,12204
2009-08,44917
2009-08,689
2009-08,968
2009-08,15567
2009-08,4757
2009-08,55766
2009-08,80589
2009-08,20191
2009-08,1644
2009-08,136
2009-08,20882
2009-08,23384
2009-08,10435
2009-08,14794
2009-08,3800
2009-07,21001
2009-07,4263
2009-07,16099
2009-07,14074
2009-07,61389
2009-07,20949
2009-07,15338
2009-07,1245
2009-07,25
2009-07,38918
2009-07,23360
2009-07,34
2009-07,813
2009-07,6207
2009-07,47204
2009-07,14138
2009-07,6309
2009-07,8181
2009-07,179312
2009-07,15059
2009-07,3847
2009-07,0
2009-07,6344
2009-07,6730
2009-07,23268
2009-07,17426
2009-07,9717
2009-07,21998
2009-07,7082
2009-07,3103
2009-07,6908
2009-07,5239
2009-07,4428
2009-07,7168
2009-07,15824
2009-07,22884
2009-07,2933
2009-07,25287
2009-07,14752
2009-07,11007
2009-07,42862
2009-07,658
2009-07,922
2009-07,14914
2009-07,3652
2009-07,26032
2009-07,66285
2009-07,31518
2009-07,1437
2009-07,120
2009-07,20436
2009-07,21284
2009-07,9628
2009-07,10489
2009-07,3421
2009-06,18538
2009-06,4419
2009-06,18953
2009-06,14489
2009-06,63190
2009-06,24127
2009-06,16887
2009-06,1318
2009-06,28
2009-06,38505
2009-06,24872
2009-06,45
2009-06,758
2009-06,6798
2009-06,52126
2009-06,14038
2009-06,6646
2009-06,7979
2009-06,175957
2009-06,13579
2009-06,3763
2009-06,0
2009-06,6453
2009-06,7487
2009-06,24233
2009-06,18162
2009-06,8359
2009-06,21868
2009-06,7541
2009-06,3379
2009-06,7695
2009-06,4896
2009-06,4739
2009-06,7762
2009-06,16193
2009-06,23591
2009-06,3289
2009-06,24817
2009-06,13868
2009-06,12127
2009-06,43428
2009-06,663
2009-06,1072
2009-06,13977
2009-06,3786
2009-06,23435
2009-06,69421
2009-06,19092
2009-06,1349
2009-06,169
2009-06,17106
2009-06,23229
2009-06,9232
2009-06,10519
2009-06,4118
2009-05,20277
2009-05,4878
2009-05,17837
2009-05,13435
2009-05,64304
2009-05,27595
2009-05,16972
2009-05,1439
2009-05,29
2009-05,40976
2009-05,24765
2009-05,38
2009-05,897
2009-05,6886
2009-05,64049
2009-05,16093
2009-05,7354
2009-05,9031
2009-05,174703
2009-05,14561
2009-05,3948
2009-05,0
2009-05,6328
2009-05,7827
2009-05,25954
2009-05,19636
2009-05,9488
2009-05,23401
2009-05,8190
2009-05,3211
2009-05,8004
2009-05,5463
2009-05,4567
2009-05,7901
2009-05,16415
2009-05,25730
2009-05,4078
2009-05,27137
2009-05,16353
2009-05,14086
2009-05,45804
2009-05,637
2009-05,1158
2009-05,15961
2009-05,3769
2009-05,25506
2009-05,71891
2009-05,16119
2009-05,1564
2009-05,162
2009-05,19811
2009-05,27031
2009-05,10016
2009-05,11864
2009-05,4202
2009-04,21322
2009-04,5775
2009-04,20896
2009-04,19326
2009-04,73315
2009-04,30277
2009-04,19564
2009-04,1736
2009-04,34
2009-04,48761
2009-04,30714
2009-04,40
2009-04,1013
2009-04,9396
2009-04,82671
2009-04,20245
2009-04,10764
2009-04,11607
2009-04,174987
2009-04,17171
2009-04,5148
2009-04,0
2009-04,8445
2009-04,9236
2009-04,34713
2009-04,31130
2009-04,11131
2009-04,30743
2009-04,9076
2009-04,5495
2009-04,10912
2009-04,6975
2009-04,5060
2009-04,8676
2009-04,21727
2009-04,31413
2009-04,4714
2009-04,35416
2009-04,21163
2009-04,16980
2009-04,59806
2009-04,653
2009-04,1469
2009-04,18209
2009-04,5533
2009-04,26003
2009-04,76844
2009-04,28052
2009-04,2129
2009-04,213
2009-04,26103
2009-04,32498
2009-04,12237
2009-04,19575
2009-04,4931
2009-03,27949
2009-03,5140
2009-03,21766
2009-03,19172
2009-03,72248
2009-03,32067
2009-03,21879
2009-03,2031
2009-03,40
2009-03,55646
2009-03,40635
2009-03,27
2009-03,1086
2009-03,11281
2009-03,72066
2009-03,25741
2009-03,13542
2009-03,14201
2009-03,175314
2009-03,21067
2009-03,5782
2009-03,0
2009-03,9733
2009-03,10135
2009-03,38803
2009-03,32695
2009-03,13189
2009-03,36214
2009-03,9600
2009-03,6092
2009-03,11536
2009-03,7376
2009-03,5266
2009-03,10757
2009-03,22794
2009-03,37632
2009-03,3846
2009-03,41762
2009-03,21680
2009-03,20906
2009-03,69675
2009-03,727
2009-03,1557
2009-03,19681
2009-03,5776
2009-03,34899
2009-03,102372
2009-03,18402
2009-03,2456
2009-03,179
2009-03,28923
2009-03,35861
2009-03,13698
2009-03,23863
2009-03,5594
2009-02,30391
2009-02,4652
2009-02,21423
2009-02,21434
2009-02,62736
2009-02,29189
2009-02,19264
2009-02,1886
2009-02,40
2009-02,53862
2009-02,44226
2009-02,34
2009-02,792
2009-02,9851
2009-02,58938
2009-02,24131
2009-02,11199
2009-02,13268
2009-02,173104
2009-02,21639
2009-02,4676
2009-02,0
2009-02,9271
2009-02,8230
2009-02,32473
2009-02,23895
2009-02,16599
2009-02,35664
2009-02,8799
2009-02,5475
2009-02,10154
2009-02,5910
2009-02,4343
2009-02,10875
2009-02,18910
2009-02,39872
2009-02,3682
2009-02,38939
2009-02,24547
2009-02,18063
2009-02,57544
2009-02,609
2009-02,1355
2009-02,20958
2009-02,5614
2009-02,33801
2009-02,96192
2009-02,16137
2009-02,2314
2009-02,126
2009-02,29763
2009-02,33303
2009-02,15097
2009-02,17025
2009-02,5050
2009-01,29770
2009-01,4227
2009-01,20293
2009-01,17819
2009-01,72039
2009-01,28193
2009-01,18593
2009-01,1860
2009-01,34
2009-01,51169
2009-01,39703
2009-01,54
2009-01,894
2009-01,8903
2009-01,62068
2009-01,23196
2009-01,11987
2009-01,14131
2009-01,167035
2009-01,22219
2009-01,4200
2009-01,0
2009-01,8734
2009-01,8960
2009-01,30182
2009-01,22768
2009-01,16201
2009-01,32110
2009-01,7519
2009-01,5702
2009-01,10224
2009-01,6165
2009-01,4216
2009-01,9635
2009-01,18383
2009-01,38538
2009-01,3523
2009-01,33593
2009-01,22098
2009-01,16799
2009-01,54695
2009-01,625
2009-01,1287
2009-01,17818
2009-01,5447
2009-01,31505
2009-01,86835
2009-01,28809
2009-01,1619
2009-01,183
2009-01,27133
2009-01,31526
2009-01,13020
2009-01,14071
2009-01,4553
,13984953
,
2008-12,46244
2008-12,7000
2008-12,25682
2008-12,26498
2008-12,77512
2008-12,35616
2008-12,17341
2008-12,2640
2008-12,44
2008-12,65826
2008-12,52322
2008-12,56
2008-12,1050
2008-12,11791
2008-12,69626
2008-12,28526
2008-12,14456
2008-12,17742
2008-12,169865
2008-12,41168
2008-12,5621
2008-12,0
2008-12,11296
2008-12,9196
2008-12,38404
2008-12,24662
2008-12,29392
2008-12,41123
2008-12,9977
2008-12,8761
2008-12,13454
2008-12,6154
2008-12,4621
2008-12,13260
2008-12,23454
2008-12,50951
2008-12,4530
2008-12,45382
2008-12,30472
2008-12,20914
2008-12,67891
2008-12,660
2008-12,1373
2008-12,24794
2008-12,7786
2008-12,41576
2008-12,135919
2008-12,19995
2008-12,2045
2008-12,128
2008-12,37986
2008-12,35333
2008-12,19330
2008-12,18411
2008-12,6612
2008-11,39594
2008-11,7945
2008-11,22813
2008-11,24251
2008-11,73190
2008-11,39798
2008-11,16586
2008-11,2512
2008-11,55
2008-11,65859
2008-11,46108
2008-11,34
2008-11,989
2008-11,11539
2008-11,64537
2008-11,30367
2008-11,13188
2008-11,18157
2008-11,170669
2008-11,37761
2008-11,6367
2008-11,0
2008-11,13581
2008-11,9777
2008-11,41369
2008-11,28567
2008-11,27364
2008-11,40379
2008-11,9988
2008-11,8129
2008-11,13436
2008-11,7913
2008-11,4954
2008-11,12078
2008-11,27081
2008-11,45424
2008-11,5248
2008-11,53256
2008-11,32368
2008-11,22636
2008-11,78828
2008-11,511
2008-11,1618
2008-11,27464
2008-11,7566
2008-11,38954
2008-11,132359
2008-11,16083
2008-11,2417
2008-11,120
2008-11,39241
2008-11,37424
2008-11,19848
2008-11,23927
2008-11,6114
2008-10,24898
2008-10,5926
2008-10,16206
2008-10,18762
2008-10,65372
2008-10,26115
2008-10,14573
2008-10,1716
2008-10,49
2008-10,44475
2008-10,35246
2008-10,55
2008-10,835
2008-10,8979
2008-10,56784
2008-10,20735
2008-10,11047
2008-10,12231
2008-10,162086
2008-10,27703
2008-10,7802
2008-10,0
2008-10,8493
2008-10,8631
2008-10,36342
2008-10,30503
2008-10,16495
2008-10,31440
2008-10,10749
2008-10,5988
2008-10,8850
2008-10,6575
2008-10,3928
2008-10,9479
2008-10,22858
2008-10,31276
2008-10,6399
2008-10,31341
2008-10,18886
2008-10,14609
2008-10,55218
2008-10,570
2008-10,1171
2008-10,15680
2008-10,8299
2008-10,24426
2008-10,92043
2008-10,24217
2008-10,2367
2008-10,99
2008-10,25120
2008-10,28415
2008-10,15608
2008-10,20469
2008-10,4017
2008-09,21365
2008-09,7083
2008-09,14404
2008-09,14715
2008-09,56404
2008-09,21596
2008-09,12304
2008-09,1349
2008-09,39
2008-09,34029
2008-09,25289
2008-09,42
2008-09,655
2008-09,8095
2008-09,54261
2008-09,15155
2008-09,8426
2008-09,8543
2008-09,155795
2008-09,17044
2008-09,5600
2008-09,0
2008-09,6437
2008-09,7857
2008-09,31250
2008-09,27447
2008-09,11328
2008-09,21687
2008-09,8612
2008-09,4364
2008-09,6812
2008-09,5030
2008-09,3186
2008-09,7691
2008-09,20428
2008-09,23083
2008-09,4651
2008-09,23361
2008-09,15318
2008-09,14576
2008-09,46220
2008-09,658
2008-09,931
2008-09,12515
2008-09,6193
2008-09,18460
2008-09,71992
2008-09,10966
2008-09,2053
2008-09,126
2008-09,20124
2008-09,23879
2008-09,10770
2008-09,17435
2008-09,3980
2008-08,21264
2008-08,5201
2008-08,15201
2008-08,12925
2008-08,63942
2008-08,22460
2008-08,11373
2008-08,1296
2008-08,1
2008-08,34316
2008-08,25427
2008-08,33
2008-08,615
2008-08,7234
2008-08,47407
2008-08,15500
2008-08,6282
2008-08,9408
2008-08,154192
2008-08,19179
2008-08,4742
2008-08,0
2008-08,5970
2008-08,8676
2008-08,26564
2008-08,21906
2008-08,13259
2008-08,23671
2008-08,7785
2008-08,3814
2008-08,7587
2008-08,5059
2008-08,2867
2008-08,7934
2008-08,15592
2008-08,23533
2008-08,3449
2008-08,22657
2008-08,16373
2008-08,12172
2008-08,41911
2008-08,631
2008-08,846
2008-08,12881
2008-08,5261
2008-08,20940
2008-08,73208
2008-08,23022
2008-08,1553
2008-08,112
2008-08,18908
2008-08,22169
2008-08,10281
2008-08,13495
2008-08,3601
2008-07,18312
2008-07,4102
2008-07,14129
2008-07,11428
2008-07,62382
2008-07,19673
2008-07,11352
2008-07,1103
2008-07,1
2008-07,34809
2008-07,25433
2008-07,28
2008-07,612
2008-07,6088
2008-07,41247
2008-07,12694
2008-07,5437
2008-07,7070
2008-07,184555
2008-07,14449
2008-07,3550
2008-07,0
2008-07,5646
2008-07,9068
2008-07,22649
2008-07,17164
2008-07,10071
2008-07,19159
2008-07,6529
2008-07,2809
2008-07,6687
2008-07,4796
2008-07,2889
2008-07,7193
2008-07,13240
2008-07,21817
2008-07,2775
2008-07,20652
2008-07,13066
2008-07,11154
2008-07,38271
2008-07,517
2008-07,830
2008-07,11314
2008-07,3146
2008-07,17909
2008-07,56777
2008-07,22972
2008-07,1526
2008-07,114
2008-07,18112
2008-07,20808
2008-07,8932
2008-07,9292
2008-07,3296
2008-06,17454
2008-06,3804
2008-06,13644
2008-06,11306
2008-06,57322
2008-06,18991
2008-06,10658
2008-06,1013
2008-06,16
2008-06,34145
2008-06,22513
2008-06,36
2008-06,608
2008-06,6778
2008-06,36378
2008-06,11982
2008-06,5103
2008-06,6879
2008-06,146583
2008-06,13502
2008-06,3540
2008-06,0
2008-06,5283
2008-06,9128
2008-06,22283
2008-06,17390
2008-06,9602
2008-06,18806
2008-06,6928
2008-06,2636
2008-06,5974
2008-06,4826
2008-06,2692
2008-06,7433
2008-06,13191
2008-06,20951
2008-06,2877
2008-06,19159
2008-06,12812
2008-06,12635
2008-06,36218
2008-06,474
2008-06,744
2008-06,10499
2008-06,3171
2008-06,16905
2008-06,59239
2008-06,13813
2008-06,1245
2008-06,159
2008-06,14673
2008-06,22815
2008-06,8448
2008-06,9671
2008-06,3550
2008-05,19228
2008-05,4409
2008-05,16274
2008-05,12463
2008-05,64811
2008-05,19921
2008-05,11869
2008-05,1162
2008-05,0
2008-05,35887
2008-05,23424
2008-05,36
2008-05,565
2008-05,7518
2008-05,41563
2008-05,14259
2008-05,6253
2008-05,7618
2008-05,150272
2008-05,13171
2008-05,3889
2008-05,0
2008-05,5664
2008-05,10247
2008-05,24411
2008-05,18927
2008-05,10147
2008-05,20818
2008-05,8215
2008-05,3088
2008-05,6460
2008-05,5268
2008-05,2966
2008-05,7554
2008-05,15388
2008-05,22466
2008-05,3230
2008-05,22604
2008-05,14480
2008-05,13174
2008-05,40630
2008-05,462
2008-05,946
2008-05,11974
2008-05,3673
2008-05,17783
2008-05,61039
2008-05,11653
2008-05,1597
2008-05,171
2008-05,17556
2008-05,23563
2008-05,9549
2008-05,11354
2008-05,3597
2008-04,18165
2008-04,4745
2008-04,16321
2008-04,12214
2008-04,66612
2008-04,20016
2008-04,12549
2008-04,1350
2008-04,0
2008-04,36385
2008-04,24172
2008-04,37
2008-04,746
2008-04,7964
2008-04,50664
2008-04,14582
2008-04,8333
2008-04,8680
2008-04,148367
2008-04,13222
2008-04,3955
2008-04,0
2008-04,6318
2008-04,11676
2008-04,28416
2008-04,25126
2008-04,9652
2008-04,23721
2008-04,7544
2008-04,3649
2008-04,6164
2008-04,6063
2008-04,3044
2008-04,7598
2008-04,18179
2008-04,24025
2008-04,3444
2008-04,25222
2008-04,15963
2008-04,14644
2008-04,45947
2008-04,416
2008-04,930
2008-04,11607
2008-04,4117
2008-04,17915
2008-04,59527
2008-04,10937
2008-04,1897
2008-04,158
2008-04,21146
2008-04,24647
2008-04,9691
2008-04,16588
2008-04,3695
2008-03,23827
2008-03,4404
2008-03,17466
2008-03,15717
2008-03,74599
2008-03,22401
2008-03,12978
2008-03,1339
2008-03,0
2008-03,39246
2008-03,27880
2008-03,27
2008-03,689
2008-03,9166
2008-03,55221
2008-03,20196
2008-03,10569
2008-03,10182
2008-03,146516
2008-03,15706
2008-03,4474
2008-03,0
2008-03,6895
2008-03,13113
2008-03,31514
2008-03,26018
2008-03,12065
2008-03,28049
2008-03,8100
2008-03,4526
2008-03,7543
2008-03,5862
2008-03,3313
2008-03,9001
2008-03,18748
2008-03,26027
2008-03,3673
2008-03,29199
2008-03,16347
2008-03,16867
2008-03,56009
2008-03,434
2008-03,1122
2008-03,15445
2008-03,4634
2008-03,22006
2008-03,63667
2008-03,9871
2008-03,2037
2008-03,76
2008-03,22337
2008-03,27638
2008-03,11339
2008-03,19440
2008-03,4079
2008-02,26565
2008-02,3844
2008-02,19279
2008-02,17726
2008-02,59380
2008-02,20877
2008-02,11681
2008-02,1380
2008-02,53
2008-02,40476
2008-02,32150
2008-02,36
2008-02,563
2008-02,8715
2008-02,47375
2008-02,18649
2008-02,8850
2008-02,10169
2008-02,148628
2008-02,18034
2008-02,3658
2008-02,0
2008-02,7693
2008-02,11024
2008-02,27806
2008-02,20738
2008-02,15654
2008-02,28424
2008-02,7419
2008-02,4521
2008-02,6956
2008-02,4778
2008-02,3004
2008-02,9316
2008-02,17283
2008-02,30838
2008-02,3430
2008-02,29116
2008-02,19521
2008-02,14107
2008-02,46646
2008-02,554
2008-02,973
2008-02,17215
2008-02,4593
2008-02,25181
2008-02,72001
2008-02,8525
2008-02,1941
2008-02,139
2008-02,24218
2008-02,26052
2008-02,13159
2008-02,15311
2008-02,3748
2008-01,22516
2008-01,3266
2008-01,17302
2008-01,13794
2008-01,58872
2008-01,18057
2008-01,12621
2008-01,1242
2008-01,1
2008-01,38219
2008-01,27410
2008-01,27
2008-01,642
2008-01,6590
2008-01,50878
2008-01,17255
2008-01,10386
2008-01,9405
2008-01,143573
2008-01,17416
2008-01,3363
2008-01,0
2008-01,6307
2008-01,11466
2008-01,26327
2008-01,18727
2008-01,16039
2008-01,24210
2008-01,5753
2008-01,4304
2008-01,5329
2008-01,4969
2008-01,3061
2008-01,7594
2008-01,16478
2008-01,27082
2008-01,3126
2008-01,28065
2008-01,16006
2008-01,12399
2008-01,44755
2008-01,616
2008-01,921
2008-01,13553
2008-01,4050
2008-01,20764
2008-01,66797
2008-01,9538
2008-01,1313
2008-01,134
2008-01,19553
2008-01,23846
2008-01,10734
2008-01,11426
2008-01,2966
,12692985
,
2007-12,37499
2007-12,5754
2007-12,20191
2007-12,23434
2007-12,62295
2007-12,25846
2007-12,11487
2007-12,2132
2007-12,1
2007-12,50129
2007-12,39603
2007-12,36
2007-12,544
2007-12,10864
2007-12,46517
2007-12,22840
2007-12,12722
2007-12,13468
2007-12,151630
2007-12,32690
2007-12,4512
2007-12,0
2007-12,8798
2007-12,9923
2007-12,31038
2007-12,21456
2007-12,28149
2007-12,33205
2007-12,9367
2007-12,6994
2007-12,8214
2007-12,5189
2007-12,3664
2007-12,10804
2007-12,21071
2007-12,37789
2007-12,4089
2007-12,38508
2007-12,23047
2007-12,19993
2007-12,53595
2007-12,719
2007-12,947
2007-12,20889
2007-12,6087
2007-12,35126
2007-12,102476
2007-12,16044
2007-12,1781
2007-12,45
2007-12,30806
2007-12,28224
2007-12,15750
2007-12,16506
2007-12,5123
2007-11,27561
2007-11,4149
2007-11,15299
2007-11,21238
2007-11,63910
2007-11,20057
2007-11,11433
2007-11,1711
2007-11,0
2007-11,38887
2007-11,27974
2007-11,43
2007-11,564
2007-11,8189
2007-11,51699
2007-11,21950
2007-11,11723
2007-11,12434
2007-11,144176
2007-11,23972
2007-11,4867
2007-11,0
2007-11,8603
2007-11,12353
2007-11,32264
2007-11,19561
2007-11,23488
2007-11,27415
2007-11,7067
2007-11,5909
2007-11,5943
2007-11,5870
2007-11,3788
2007-11,8137
2007-11,21903
2007-11,30995
2007-11,4245
2007-11,36449
2007-11,18591
2007-11,13988
2007-11,55819
2007-11,608
2007-11,917
2007-11,14989
2007-11,5738
2007-11,25157
2007-11,72670
2007-11,14503
2007-11,1956
2007-11,76
2007-11,24828
2007-11,23766
2007-11,16175
2007-11,19774
2007-11,3681
2007-10,20122
2007-10,4943
2007-10,14628
2007-10,16174
2007-10,69809
2007-10,19661
2007-10,11697
2007-10,1407
2007-10,3
2007-10,35495
2007-10,24282
2007-10,51
2007-10,605
2007-10,8479
2007-10,49990
2007-10,16123
2007-10,10303
2007-10,10621
2007-10,141264
2007-10,22007
2007-10,7652
2007-10,0
2007-10,7421
2007-10,14084
2007-10,30573
2007-10,29453
2007-10,16126
2007-10,28608
2007-10,10328
2007-10,5767
2007-10,5193
2007-10,6671
2007-10,3317
2007-10,8080
2007-10,21928
2007-10,25975
2007-10,6112
2007-10,27937
2007-10,17206
2007-10,12715
2007-10,52339
2007-10,745
2007-10,911
2007-10,13199
2007-10,7768
2007-10,20691
2007-10,66672
2007-10,12726
2007-10,2253
2007-10,133
2007-10,20575
2007-10,25799
2007-10,13245
2007-10,20366
2007-10,3667
2007-09,19270
2007-09,3770
2007-09,14668
2007-09,13749
2007-09,80429
2007-09,17525
2007-09,8539
2007-09,1203
2007-09,1
2007-09,32416
2007-09,19840
2007-09,29
2007-09,545
2007-09,8633
2007-09,45681
2007-09,13835
2007-09,7516
2007-09,9027
2007-09,134456
2007-09,17399
2007-09,5754
2007-09,0
2007-09,5907
2007-09,13517
2007-09,26740
2007-09,27033
2007-09,12883
2007-09,24671
2007-09,9249
2007-09,4420
2007-09,5308
2007-09,6454
2007-09,2822
2007-09,7324
2007-09,20361
2007-09,21688
2007-09,4725
2007-09,24682
2007-09,14220
2007-09,15174
2007-09,45849
2007-09,709
2007-09,796
2007-09,11348
2007-09,5961
2007-09,17923
2007-09,66240
2007-09,13289
2007-09,1999
2007-09,144
2007-09,22282
2007-09,22670
2007-09,10916
2007-09,18080
2007-09,3993
2007-08,18554
2007-08,4683
2007-08,15971
2007-08,12448
2007-08,69084
2007-08,18573
2007-08,9379
2007-08,1164
2007-08,1
2007-08,33844
2007-08,20973
2007-08,38
2007-08,537
2007-08,7816
2007-08,46053
2007-08,15086
2007-08,6441
2007-08,9111
2007-08,134729
2007-08,17062
2007-08,4143
2007-08,0
2007-08,6193
2007-08,14955
2007-08,23941
2007-08,22098
2007-08,13747
2007-08,22546
2007-08,7989
2007-08,4202
2007-08,5900
2007-08,5159
2007-08,2898
2007-08,7608
2007-08,16020
2007-08,23387
2007-08,3360
2007-08,22367
2007-08,15754
2007-08,12185
2007-08,47292
2007-08,806
2007-08,765
2007-08,12145
2007-08,4538
2007-08,19077
2007-08,71566
2007-08,10260
2007-08,1475
2007-08,76
2007-08,21691
2007-08,22167
2007-08,10169
2007-08,14391
2007-08,3680
2007-07,14290
2007-07,3825
2007-07,13783
2007-07,10567
2007-07,71837
2007-07,15460
2007-07,8092
2007-07,949
2007-07,2
2007-07,29624
2007-07,16930
2007-07,33
2007-07,555
2007-07,5947
2007-07,36100
2007-07,11365
2007-07,4742
2007-07,6167
2007-07,121163
2007-07,13055
2007-07,3264
2007-07,0
2007-07,5093
2007-07,13792
2007-07,19681
2007-07,15254
2007-07,10305
2007-07,15675
2007-07,5735
2007-07,2808
2007-07,4783
2007-07,4654
2007-07,2535
2007-07,6283
2007-07,14011
2007-07,17804
2007-07,2425
2007-07,21109
2007-07,11804
2007-07,10238
2007-07,38988
2007-07,652
2007-07,668
2007-07,9492
2007-07,2901
2007-07,15507
2007-07,54030
2007-07,6093
2007-07,1272
2007-07,138
2007-07,15949
2007-07,18898
2007-07,8144
2007-07,9246
2007-07,2867
2007-06,15362
2007-06,3770
2007-06,15672
2007-06,10362
2007-06,83523
2007-06,15466
2007-06,8568
2007-06,988
2007-06,4
2007-06,32629
2007-06,17431
2007-06,30
2007-06,478
2007-06,6624
2007-06,36530
2007-06,12081
2007-06,4670
2007-06,6544
2007-06,128745
2007-06,12485
2007-06,3058
2007-06,0
2007-06,5140
2007-06,13681
2007-06,18603
2007-06,15117
2007-06,9847
2007-06,17502
2007-06,6535
2007-06,2726
2007-06,5613
2007-06,4515
2007-06,2833
2007-06,7087
2007-06,13268
2007-06,18412
2007-06,2304
2007-06,21873
2007-06,12576
2007-06,12120
2007-06,40403
2007-06,788
2007-06,717
2007-06,9537
2007-06,2920
2007-06,15879
2007-06,51525
2007-06,9135
2007-06,1137
2007-06,94
2007-06,14428
2007-06,20378
2007-06,8040
2007-06,8977
2007-06,3262
2007-05,14412
2007-05,3939
2007-05,13642
2007-05,9679
2007-05,86930
2007-05,17002
2007-05,8611
2007-05,1058
2007-05,45
2007-05,32487
2007-05,16682
2007-05,38
2007-05,517
2007-05,6860
2007-05,40710
2007-05,11144
2007-05,5238
2007-05,6411
2007-05,125970
2007-05,11245
2007-05,3111
2007-05,0
2007-05,5346
2007-05,14890
2007-05,20746
2007-05,16077
2007-05,9182
2007-05,18594
2007-05,6747
2007-05,2944
2007-05,5583
2007-05,5013
2007-05,2655
2007-05,6704
2007-05,14925
2007-05,18741
2007-05,2627
2007-05,21922
2007-05,12662
2007-05,11473
2007-05,38977
2007-05,607
2007-05,795
2007-05,9971
2007-05,2942
2007-05,14140
2007-05,54111
2007-05,8632
2007-05,1342
2007-05,117
2007-05,14956
2007-05,21372
2007-05,7754
2007-05,10065
2007-05,3166
2007-04,15061
2007-04,4285
2007-04,15898
2007-04,10470
2007-04,67801
2007-04,16769
2007-04,9443
2007-04,1200
2007-04,2
2007-04,32101
2007-04,17162
2007-04,40
2007-04,557
2007-04,7423
2007-04,40643
2007-04,13262
2007-04,7337
2007-04,7868
2007-04,124816
2007-04,11666
2007-04,3809
2007-04,0
2007-04,6449
2007-04,13968
2007-04,25082
2007-04,20894
2007-04,9443
2007-04,20783
2007-04,7350
2007-04,3524
2007-04,5603
2007-04,5642
2007-04,2714
2007-04,7153
2007-04,17377
2007-04,18434
2007-04,3190
2007-04,25827
2007-04,14058
2007-04,13626
2007-04,45337
2007-04,529
2007-04,901
2007-04,9983
2007-04,3547
2007-04,15480
2007-04,55648
2007-04,8845
2007-04,1742
2007-04,134
2007-04,16807
2007-04,23256
2007-04,9170
2007-04,15198
2007-04,3335
2007-03,19220
2007-03,4048
2007-03,17666
2007-03,12308
2007-03,75306
2007-03,20070
2007-03,10704
2007-03,1417
2007-03,4
2007-03,37115
2007-03,22363
2007-03,39
2007-03,591
2007-03,8474
2007-03,51379
2007-03,17992
2007-03,9600
2007-03,10918
2007-03,127759
2007-03,14807
2007-03,4241
2007-03,2
2007-03,7439
2007-03,15587
2007-03,30605
2007-03,23521
2007-03,12448
2007-03,23960
2007-03,7617
2007-03,4390
2007-03,6704
2007-03,5626
2007-03,3371
2007-03,8115
2007-03,18217
2007-03,23536
2007-03,3335
2007-03,31297
2007-03,17015
2007-03,15445
2007-03,55043
2007-03,781
2007-03,1024
2007-03,12667
2007-03,4246
2007-03,19720
2007-03,62956
2007-03,10094
2007-03,1933
2007-03,195
2007-03,21075
2007-03,25271
2007-03,11331
2007-03,19964
2007-03,3542
2007-02,21897
2007-02,3534
2007-02,18457
2007-02,14628
2007-02,62560
2007-02,18301
2007-02,8647
2007-02,1302
2007-02,1
2007-02,36440
2007-02,24453
2007-02,29
2007-02,449
2007-02,8013
2007-02,43080
2007-02,15211
2007-02,8314
2007-02,9938
2007-02,127538
2007-02,15442
2007-02,3333
2007-02,9
2007-02,7355
2007-02,13668
2007-02,26009
2007-02,17475
2007-02,15023
2007-02,22320
2007-02,6563
2007-02,4133
2007-02,5915
2007-02,4960
2007-02,2914
2007-02,8578
2007-02,15750
2007-02,26192
2007-02,2871
2007-02,27058
2007-02,17968
2007-02,13573
2007-02,43391
2007-02,577
2007-02,896
2007-02,13575
2007-02,3737
2007-02,22518
2007-02,66035
2007-02,8982
2007-02,1771
2007-02,140
2007-02,18803
2007-02,23241
2007-02,11339
2007-02,15219
2007-02,3422
2007-01,22107
2007-01,2904
2007-01,16196
2007-01,14767
2007-01,62459
2007-01,17007
2007-01,9512
2007-01,1381
2007-01,72
2007-01,35013
2007-01,22775
2007-01,35
2007-01,579
2007-01,6575
2007-01,48593
2007-01,15975
2007-01,10282
2007-01,8995
2007-01,125604
2007-01,16371
2007-01,3535
2007-01,0
2007-01,6505
2007-01,15028
2007-01,26569
2007-01,20147
2007-01,14657
2007-01,18806
2007-01,5808
2007-01,4225
2007-01,5517
2007-01,5357
2007-01,2901
2007-01,7431
2007-01,17343
2007-01,26262
2007-01,3028
2007-01,27085
2007-01,14180
2007-01,12099
2007-01,45570
2007-01,704
2007-01,885
2007-01,12338
2007-01,3628
2007-01,20523
2007-01,59667
2007-01,8448
2007-01,1290
2007-01,169
2007-01,19338
2007-01,21114
2007-01,10363
2007-01,12821
2007-01,3032
,11162272
,
2006-12,39497
2006-12,5145
2006-12,23138
2006-12,23130
2006-12,57901
2006-12,24297
2006-12,9554
2006-12,2407
2006-12,8
2006-12,50928
2006-12,41105
2006-12,45
2006-12,477
2006-12,10550
2006-12,50696
2006-12,23932
2006-12,14116
2006-12,15626
2006-12,135157
2006-12,31246
2006-12,5482
2006-12,11
2006-12,10003
2006-12,13574
2006-12,35147
2006-12,22853
2006-12,29088
2006-12,30912
2006-12,9032
2006-12,7240
2006-12,8141
2006-12,6286
2006-12,4064
2006-12,10542
2006-12,24243
2006-12,39578
2006-12,3887
2006-12,40714
2006-12,25419
2006-12,19966
2006-12,59565
2006-12,682
2006-12,1054
2006-12,20513
2006-12,6014
2006-12,35319
2006-12,105226
2006-12,16920
2006-12,2203
2006-12,153
2006-12,31229
2006-12,25758
2006-12,18049
2006-12,19771
2006-12,5191
2006-11,28357
2006-11,3636
2006-11,16980
2006-11,20465
2006-11,48401
2006-11,20853
2006-11,8808
2006-11,1997
2006-11,3
2006-11,40416
2006-11,26500
2006-11,42
2006-11,464
2006-11,7686
2006-11,48006
2006-11,21605
2006-11,11866
2006-11,12348
2006-11,126127
2006-11,22535
2006-11,5218
2006-11,2
2006-11,9812
2006-11,12912
2006-11,33698
2006-11,19741
2006-11,24460
2006-11,24345
2006-11,6639
2006-11,6602
2006-11,6011
2006-11,5816
2006-11,3826
2006-11,7867
2006-11,23232
2006-11,30759
2006-11,4208
2006-11,37218
2006-11,19018
2006-11,14211
2006-11,56941
2006-11,758
2006-11,933
2006-11,15689
2006-11,5777
2006-11,25351
2006-11,73251
2006-11,10696
2006-11,2153
2006-11,155
2006-11,25763
2006-11,20995
2006-11,17319
2006-11,21432
2006-11,3695
2006-10,20207
2006-10,4420
2006-10,18283
2006-10,16712
2006-10,45861
2006-10,19853
2006-10,8598
2006-10,1585
2006-10,2
2006-10,35579
2006-10,24715
2006-10,28
2006-10,499
2006-10,9046
2006-10,49208
2006-10,16273
2006-10,10576
2006-10,10856
2006-10,121114
2006-10,21416
2006-10,7607
2006-10,4
2006-10,7946
2006-10,13508
2006-10,31582
2006-10,27809
2006-10,16285
2006-10,23995
2006-10,10086
2006-10,5660
2006-10,5839
2006-10,6493
2006-10,3323
2006-10,7863
2006-10,23039
2006-10,26424
2006-10,5308
2006-10,27343
2006-10,17170
2006-10,12812
2006-10,49449
2006-10,790
2006-10,860
2006-10,12703
2006-10,7123
2006-10,19969
2006-10,67245
2006-10,8973
2006-10,2326
2006-10,131
2006-10,20120
2006-10,24436
2006-10,13915
2006-10,22311
2006-10,3814
2006-09,20195
2006-09,3978
2006-09,18291
2006-09,14705
2006-09,45311
2006-09,18384
2006-09,7583
2006-09,1357
2006-09,1
2006-09,31977
2006-09,21196
2006-09,26
2006-09,552
2006-09,9503
2006-09,46972
2006-09,15012
2006-09,8334
2006-09,9611
2006-09,120706
2006-09,19080
2006-09,5791
2006-09,1
2006-09,6598
2006-09,12414
2006-09,30089
2006-09,28160
2006-09,14707
2006-09,19785
2006-09,8996
2006-09,4597
2006-09,5514
2006-09,5993
2006-09,2854
2006-09,7585
2006-09,21106
2006-09,22525
2006-09,4414
2006-09,26050
2006-09,15855
2006-09,16005
2006-09,46540
2006-09,775
2006-09,836
2006-09,12146
2006-09,5783
2006-09,18768
2006-09,71198
2006-09,9502
2006-09,2148
2006-09,139
2006-09,18200
2006-09,22308
2006-09,12569
2006-09,20250
2006-09,4209
2006-08,17132
2006-08,4587
2006-08,18238
2006-08,13272
2006-08,51245
2006-08,18582
2006-08,7435
2006-08,1126
2006-08,6
2006-08,32099
2006-08,20404
2006-08,29
2006-08,632
2006-08,7591
2006-08,47203
2006-08,13879
2006-08,6020
2006-08,7937
2006-08,113059
2006-08,16602
2006-08,4024
2006-08,0
2006-08,6209
2006-08,11886
2006-08,23703
2006-08,21345
2006-08,13709
2006-08,18467
2006-08,7194
2006-08,3650
2006-08,6331
2006-08,4915
2006-08,2744
2006-08,7662
2006-08,14746
2006-08,21914
2006-08,3470
2006-08,21898
2006-08,15002
2006-08,12108
2006-08,38133
2006-08,660
2006-08,703
2006-08,11399
2006-08,3871
2006-08,20437
2006-08,65069
2006-08,8103
2006-08,1415
2006-08,185
2006-08,16139
2006-08,21053
2006-08,8732
2006-08,13136
2006-08,3387
2006-07,14059
2006-07,3790
2006-07,15298
2006-07,11239
2006-07,43014
2006-07,14434
2006-07,6615
2006-07,887
2006-07,0
2006-07,27812
2006-07,16505
2006-07,30
2006-07,622
2006-07,5875
2006-07,32176
2006-07,10460
2006-07,4425
2006-07,6005
2006-07,58454
2006-07,13336
2006-07,2865
2006-07,3
2006-07,4753
2006-07,8906
2006-07,18924
2006-07,15253
2006-07,9831
2006-07,12860
2006-07,5688
2006-07,2525
2006-07,5132
2006-07,3790
2006-07,2353
2006-07,6371
2006-07,11791
2006-07,17174
2006-07,2366
2006-07,18476
2006-07,11421
2006-07,10303
2006-07,31458
2006-07,692
2006-07,632
2006-07,9162
2006-07,2875
2006-07,16328
2006-07,52276
2006-07,7267
2006-07,1019
2006-07,198
2006-07,15635
2006-07,17023
2006-07,7632
2006-07,9068
2006-07,2780
2006-06,14332
2006-06,3665
2006-06,12970
2006-06,9455
2006-06,43634
2006-06,14451
2006-06,7367
2006-06,1013
2006-06,5
2006-06,28963
2006-06,23212
2006-06,25
2006-06,706
2006-06,6262
2006-06,35893
2006-06,10988
2006-06,4817
2006-06,5773
2006-06,14936
2006-06,12913
2006-06,3053
2006-06,0
2006-06,5279
2006-06,10599
2006-06,19382
2006-06,14368
2006-06,9223
2006-06,13204
2006-06,6335
2006-06,2513
2006-06,5175
2006-06,4428
2006-06,2824
2006-06,6972
2006-06,12990
2006-06,17828
2006-06,2335
2006-06,20468
2006-06,12209
2006-06,11635
2006-06,33260
2006-06,770
2006-06,659
2006-06,9886
2006-06,2807
2006-06,18581
2006-06,51519
2006-06,6865
2006-06,1197
2006-06,39
2006-06,16291
2006-06,19451
2006-06,8047
2006-06,8999
2006-06,3012
2006-05,13586
2006-05,3692
2006-05,13634
2006-05,9489
2006-05,46154
2006-05,14543
2006-05,7424
2006-05,1124
2006-05,1
2006-05,29154
2006-05,21801
2006-05,25
2006-05,653
2006-05,6389
2006-05,40427
2006-05,10675
2006-05,5339
2006-05,6199
2006-05,17563
2006-05,11543
2006-05,3091
2006-05,1
2006-05,4970
2006-05,9723
2006-05,22708
2006-05,15366
2006-05,8991
2006-05,13531
2006-05,6468
2006-05,2673
2006-05,5271
2006-05,4405
2006-05,2866
2006-05,5820
2006-05,13227
2006-05,17722
2006-05,2178
2006-05,21304
2006-05,11746
2006-05,11344
2006-05,34441
2006-05,659
2006-05,783
2006-05,8947
2006-05,2727
2006-05,18450
2006-05,49790
2006-05,6597
2006-05,1261
2006-05,105
2006-05,14838
2006-05,19819
2006-05,7988
2006-05,10358
2006-05,2964
2006-04,13751
2006-04,4057
2006-04,16031
2006-04,10064
2006-04,57810
2006-04,15906
2006-04,7842
2006-04,1091
2006-04,5
2006-04,30047
2006-04,22267
2006-04,19
2006-04,679
2006-04,6898
2006-04,42889
2006-04,12413
2006-04,6654
2006-04,7022
2006-04,20703
2006-04,11967
2006-04,3779
2006-04,0
2006-04,5596
2006-04,10479
2006-04,25756
2006-04,19793
2006-04,9356
2006-04,15701
2006-04,6956
2006-04,3252
2006-04,5903
2006-04,5370
2006-04,3003
2006-04,6659
2006-04,13118
2006-04,17609
2006-04,2803
2006-04,24077
2006-04,13728
2006-04,14064
2006-04,39155
2006-04,610
2006-04,772
2006-04,9208
2006-04,3470
2006-04,16863
2006-04,49767
2006-04,7450
2006-04,1766
2006-04,24
2006-04,21203
2006-04,20208
2006-04,9084
2006-04,15178
2006-04,3357
2006-03,18991
2006-03,3916
2006-03,17718
2006-03,13114
2006-03,65610
2006-03,19787
2006-03,9929
2006-03,1413
2006-03,7
2006-03,35401
2006-03,30734
2006-03,25
2006-03,858
2006-03,7753
2006-03,42644
2006-03,17652
2006-03,10391
2006-03,9700
2006-03,20689
2006-03,16158
2006-03,4676
2006-03,4
2006-03,7116
2006-03,12696
2006-03,34002
2006-03,23372
2006-03,12844
2006-03,19757
2006-03,7596
2006-03,4138
2006-03,7354
2006-03,6003
2006-03,3626
2006-03,8084
2006-03,14763
2006-03,25428
2006-03,3179
2006-03,31646
2006-03,15640
2006-03,15681
2006-03,50469
2006-03,758
2006-03,1017
2006-03,12430
2006-03,4217
2006-03,22220
2006-03,56992
2006-03,8736
2006-03,2091
2006-03,27
2006-03,20222
2006-03,23090
2006-03,11814
2006-03,19640
2006-03,3462
2006-02,21538
2006-02,3347
2006-02,17942
2006-02,14833
2006-02,56086
2006-02,17483
2006-02,8294
2006-02,1330
2006-02,209
2006-02,34987
2006-02,32217
2006-02,29
2006-02,750
2006-02,7203
2006-02,50584
2006-02,16975
2006-02,8725
2006-02,8796
2006-02,23169
2006-02,17140
2006-02,3961
2006-02,0
2006-02,7199
2006-02,9873
2006-02,29614
2006-02,19535
2006-02,15159
2006-02,19757
2006-02,6716
2006-02,3994
2006-02,6277
2006-02,4903
2006-02,2860
2006-02,8065
2006-02,13155
2006-02,26722
2006-02,2624
2006-02,30321
2006-02,17799
2006-02,13341
2006-02,41779
2006-02,648
2006-02,839
2006-02,13668
2006-02,4173
2006-02,23568
2006-02,63683
2006-02,8535
2006-02,1908
2006-02,32
2006-02,20005
2006-02,21384
2006-02,12131
2006-02,16305
2006-02,3308
2006-01,21531
2006-01,2804
2006-01,15655
2006-01,13651
2006-01,56793
2006-01,16176
2006-01,8167
2006-01,1368
2006-01,5
2006-01,34365
2006-01,31245
2006-01,25
2006-01,696
2006-01,6262
2006-01,41000
2006-01,15791
2006-01,10167
2006-01,9270
2006-01,19922
2006-01,18240
2006-01,3559
2006-01,0
2006-01,6726
2006-01,10578
2006-01,27823
2006-01,17117
2006-01,15434
2006-01,18060
2006-01,6064
2006-01,4377
2006-01,6015
2006-01,4757
2006-01,2975
2006-01,6831
2006-01,13605
2006-01,26341
2006-01,2664
2006-01,25617
2006-01,15734
2006-01,12235
2006-01,39264
2006-01,671
2006-01,848
2006-01,12853
2006-01,3838
2006-01,22646
2006-01,64220
2006-01,7009
2006-01,1226
2006-01,15
2006-01,19217
2006-01,19862
2006-01,10645
2006-01,12780
2006-01,3197
,9993057
,
2005-12,41364
2005-12,4788
2005-12,23033
2005-12,25412
2005-12,63213
2005-12,24669
2005-12,8523
2005-12,2585
2005-12,3
2005-12,51940
2005-12,52460
2005-12,34
2005-12,707
2005-12,9718
2005-12,59658
2005-12,22781
2005-12,15026
2005-12,14331
2005-12,33154
2005-12,37074
2005-12,5119
2005-12,0
2005-12,10289
2005-12,8920
2005-12,34511
2005-12,21666
2005-12,31069
2005-12,30198
2005-12,8671
2005-12,7292
2005-12,9532
2005-12,5616
2005-12,4171
2005-12,10193
2005-12,17863
2005-12,41087
2005-12,3645
2005-12,38617
2005-12,26701
2005-12,20012
2005-12,50324
2005-12,742
2005-12,972
2005-12,21435
2005-12,6027
2005-12,36650
2005-12,105829
2005-12,14903
2005-12,1879
2005-12,23
2005-12,31002
2005-12,25168
2005-12,17176
2005-12,18543
2005-12,5063
2005-11,27894
2005-11,3510
2005-11,15342
2005-11,20134
2005-11,54120
2005-11,19465
2005-11,8546
2005-11,1980
2005-11,2
2005-11,37841
2005-11,31933
2005-11,30
2005-11,706
2005-11,6660
2005-11,42416
2005-11,19068
2005-11,12280
2005-11,12536
2005-11,25200
2005-11,27168
2005-11,4721
2005-11,0
2005-11,10141
2005-11,8904
2005-11,37692
2005-11,19891
2005-11,24836
2005-11,24118
2005-11,6552
2005-11,5774
2005-11,6400
2005-11,5151
2005-11,3823
2005-11,7362
2005-11,18353
2005-11,29392
2005-11,3359
2005-11,35670
2005-11,20091
2005-11,13682
2005-11,51365
2005-11,748
2005-11,945
2005-11,15166
2005-11,5338
2005-11,25073
2005-11,74176
2005-11,8872
2005-11,1908
2005-11,16
2005-11,24818
2005-11,19780
2005-11,17108
2005-11,20572
2005-11,3170
2005-10,20520
2005-10,4755
2005-10,16169
2005-10,15576
2005-10,51604
2005-10,18924
2005-10,8620
2005-10,1680
2005-10,2
2005-10,34047
2005-10,22800
2005-10,31
2005-10,727
2005-10,8066
2005-10,41194
2005-10,16567
2005-10,10112
2005-10,10030
2005-10,20809
2005-10,25247
2005-10,7664
2005-10,0
2005-10,7843
2005-10,9139
2005-10,32181
2005-10,28407
2005-10,18258
2005-10,22597
2005-10,10170
2005-10,5530
2005-10,5806
2005-10,6061
2005-10,3200
2005-10,7308
2005-10,19351
2005-10,25490
2005-10,5305
2005-10,26799
2005-10,17076
2005-10,13020
2005-10,44662
2005-10,733
2005-10,902
2005-10,12307
2005-10,7305
2005-10,19685
2005-10,70654
2005-10,8182
2005-10,2203
2005-10,0
2005-10,20664
2005-10,23060
2005-10,13536
2005-10,21909
2005-10,3373
2005-09,20197
2005-09,3912
2005-09,15856
2005-09,14707
2005-09,54442
2005-09,17457
2005-09,8148
2005-09,1420
2005-09,1
2005-09,31383
2005-09,18904
2005-09,32
2005-09,695
2005-09,8182
2005-09,48703
2005-09,12692
2005-09,7510
2005-09,8410
2005-09,18361
2005-09,26526
2005-09,5697
2005-09,0
2005-09,6881
2005-09,8699
2005-09,29906
2005-09,25004
2005-09,15027
2005-09,16632
2005-09,8370
2005-09,4328
2005-09,4884
2005-09,5164
2005-09,2843
2005-09,6878
2005-09,16273
2005-09,22555
2005-09,4012
2005-09,23674
2005-09,14354
2005-09,15740
2005-09,41556
2005-09,865
2005-09,835
2005-09,11749
2005-09,5096
2005-09,19482
2005-09,68955
2005-09,8543
2005-09,1900
2005-09,0
2005-09,17952
2005-09,21271
2005-09,11364
2005-09,18423
2005-09,3761
2005-08,15538
2005-08,4622
2005-08,14352
2005-08,11586
2005-08,52317
2005-08,16287
2005-08,7387
2005-08,1250
2005-08,1
2005-08,28295
2005-08,16074
2005-08,38
2005-08,643
2005-08,6561
2005-08,46717
2005-08,12306
2005-08,5831
2005-08,7402
2005-08,17018
2005-08,13554
2005-08,3870
2005-08,0
2005-08,5970
2005-08,8717
2005-08,23858
2005-08,19775
2005-08,10134
2005-08,16316
2005-08,6836
2005-08,3420
2005-08,5064
2005-08,4294
2005-08,2745
2005-08,6507
2005-08,11401
2005-08,20772
2005-08,2953
2005-08,22438
2005-08,13888
2005-08,11245
2005-08,35736
2005-08,863
2005-08,661
2005-08,10799
2005-08,3804
2005-08,21483
2005-08,62684
2005-08,6005
2005-08,1276
2005-08,0
2005-08,15299
2005-08,17770
2005-08,9286
2005-08,12809
2005-08,3016
2005-07,13127
2005-07,3645
2005-07,12065
2005-07,9374
2005-07,47223
2005-07,13416
2005-07,6770
2005-07,979
2005-07,3
2005-07,23984
2005-07,13979
2005-07,29
2005-07,608
2005-07,5034
2005-07,33135
2005-07,9921
2005-07,4459
2005-07,5229
2005-07,14152
2005-07,10106
2005-07,3005
2005-07,0
2005-07,4851
2005-07,7263
2005-07,19723
2005-07,14509
2005-07,8396
2005-07,11941
2005-07,5557
2005-07,2466
2005-07,3939
2005-07,3719
2005-07,2545
2005-07,5556
2005-07,9342
2005-07,16034
2005-07,2143
2005-07,19034
2005-07,10887
2005-07,9426
2005-07,32467
2005-07,699
2005-07,620
2005-07,8464
2005-07,2866
2005-07,19176
2005-07,48647
2005-07,4982
2005-07,1073
2005-07,0
2005-07,14752
2005-07,15110
2005-07,7650
2005-07,9213
2005-07,2386
2005-06,13327
2005-06,3159
2005-06,11243
2005-06,9550
2005-06,47509
2005-06,13691
2005-06,7287
2005-06,985
2005-06,3
2005-06,25239
2005-06,13572
2005-06,32
2005-06,617
2005-06,5685
2005-06,33367
2005-06,10172
2005-06,4689
2005-06,5071
2005-06,13457
2005-06,9898
2005-06,2785
2005-06,0
2005-06,4795
2005-06,7458
2005-06,20251
2005-06,14731
2005-06,7523
2005-06,12031
2005-06,6024
2005-06,2454
2005-06,3937
2005-06,3562
2005-06,2488
2005-06,5457
2005-06,8153
2005-06,16331
2005-06,2198
2005-06,19225
2005-06,10360
2005-06,11126
2005-06,31555
2005-06,723
2005-06,567
2005-06,8340
2005-06,2693
2005-06,15910
2005-06,46327
2005-06,5737
2005-06,993
2005-06,0
2005-06,12382
2005-06,15223
2005-06,7172
2005-06,8849
2005-06,2671
2005-05,12321
2005-05,3353
2005-05,11856
2005-05,7846
2005-05,48571
2005-05,13666
2005-05,7579
2005-05,1066
2005-05,2
2005-05,24404
2005-05,13355
2005-05,28
2005-05,574
2005-05,5431
2005-05,31098
2005-05,9965
2005-05,5192
2005-05,5070
2005-05,12669
2005-05,8895
2005-05,3186
2005-05,0
2005-05,4787
2005-05,7969
2005-05,22581
2005-05,13083
2005-05,7473
2005-05,11314
2005-05,5906
2005-05,2485
2005-05,4050
2005-05,4203
2005-05,2689
2005-05,5345
2005-05,9606
2005-05,15489
2005-05,2277
2005-05,20443
2005-05,10812
2005-05,10971
2005-05,32401
2005-05,668
2005-05,693
2005-05,8057
2005-05,2845
2005-05,13941
2005-05,46125
2005-05,5013
2005-05,1170
2005-05,0
2005-05,13528
2005-05,14773
2005-05,7282
2005-05,10349
2005-05,2531
2005-04,14099
2005-04,3843
2005-04,13659
2005-04,10027
2005-04,49679
2005-04,16405
2005-04,9000
2005-04,1260
2005-04,1
2005-04,27626
2005-04,14884
2005-04,42
2005-04,659
2005-04,6360
2005-04,31934
2005-04,13110
2005-04,6734
2005-04,6461
2005-04,16961
2005-04,10365
2005-04,3893
2005-04,0
2005-04,5953
2005-04,8892
2005-04,28321
2005-04,17565
2005-04,8709
2005-04,16086
2005-04,7076
2005-04,3106
2005-04,4491
2005-04,4934
2005-04,2851
2005-04,6201
2005-04,12416
2005-04,17206
2005-04,2598
2005-04,25460
2005-04,13177
2005-04,14033
2005-04,40417
2005-04,733
2005-04,831
2005-04,9497
2005-04,3678
2005-04,17726
2005-04,47732
2005-04,6493
2005-04,1715
2005-04,1
2005-04,17161
2005-04,16430
2005-04,9691
2005-04,16220
2005-04,3021
2005-03,17914
2005-03,3562
2005-03,14747
2005-03,12240
2005-03,51971
2005-03,18340
2005-03,9892
2005-03,1421
2005-03,1
2005-03,28137
2005-03,19820
2005-03,37
2005-03,681
2005-03,6635
2005-03,51660
2005-03,16154
2005-03,9945
2005-03,7858
2005-03,19902
2005-03,12256
2005-03,3857
2005-03,0
2005-03,7066
2005-03,10764
2005-03,33963
2005-03,20694
2005-03,10450
2005-03,18007
2005-03,6987
2005-03,3769
2005-03,5330
2005-03,4709
2005-03,3464
2005-03,7361
2005-03,12567
2005-03,21719
2005-03,2863
2005-03,29211
2005-03,13650
2005-03,14393
2005-03,48806
2005-03,780
2005-03,1018
2005-03,12183
2005-03,3878
2005-03,21708
2005-03,54254
2005-03,7436
2005-03,1739
2005-03,0
2005-03,19384
2005-03,18507
2005-03,11682
2005-03,19334
2005-03,3118
2005-02,19837
2005-02,2992
2005-02,15263
2005-02,14585
2005-02,46095
2005-02,16624
2005-02,8533
2005-02,1278
2005-02,0
2005-02,29067
2005-02,21168
2005-02,44
2005-02,511
2005-02,6837
2005-02,47431
2005-02,15683
2005-02,8945
2005-02,8075
2005-02,21806
2005-02,13897
2005-02,3422
2005-02,0
2005-02,6788
2005-02,8708
2005-02,29158
2005-02,15838
2005-02,13610
2005-02,18694
2005-02,6594
2005-02,3718
2005-02,4961
2005-02,4109
2005-02,2870
2005-02,7668
2005-02,11978
2005-02,23501
2005-02,2483
2005-02,28879
2005-02,16811
2005-02,13190
2005-02,39452
2005-02,725
2005-02,774
2005-02,12921
2005-02,3970
2005-02,22338
2005-02,57945
2005-02,6667
2005-02,1651
2005-02,0
2005-02,18371
2005-02,17687
2005-02,11980
2005-02,15796
2005-02,3175
2005-01,19735
2005-01,2373
2005-01,13064
2005-01,12964
2005-01,44278
2005-01,17343
2005-01,7314
2005-01,1217
2005-01,1
2005-01,28682
2005-01,18866
2005-01,31
2005-01,447
2005-01,5174
2005-01,59821
2005-01,13830
2005-01,9621
2005-01,7838
2005-01,19100
2005-01,12968
2005-01,3100
2005-01,0
2005-01,5583
2005-01,9914
2005-01,24890
2005-01,13002
2005-01,12228
2005-01,16307
2005-01,5317
2005-01,3830
2005-01,4333
2005-01,4239
2005-01,2893
2005-01,6215
2005-01,11478
2005-01,21951
2005-01,2164
2005-01,23709
2005-01,14224
2005-01,11207
2005-01,34236
2005-01,709
2005-01,831
2005-01,10893
2005-01,3268
2005-01,20278
2005-01,55465
2005-01,6148
2005-01,1100
2005-01,0
2005-01,16412
2005-01,14780
2005-01,9740
2005-01,10996
2005-01,2626
,8867055
,
2004-12,37207
2004-12,3917
2004-12,18843
2004-12,21991
2004-12,60560
2004-12,24630
2004-12,9006
2004-12,2460
2004-12,0
2004-12,45122
2004-12,35177
2004-12,47
2004-12,612
2004-12,8414
2004-12,65640
2004-12,22119
2004-12,14573
2004-12,13281
2004-12,32460
2004-12,26641
2004-12,5337
2004-12,0
2004-12,9531
2004-12,12430
2004-12,36425
2004-12,20262
2004-12,24206
2004-12,27877
2004-12,8406
2004-12,7210
2004-12,6491
2004-12,5244
2004-12,3974
2004-12,9504
2004-12,18260
2004-12,37512
2004-12,3639
2004-12,37597
2004-12,22659
2004-12,19264
2004-12,51249
2004-12,992
2004-12,990
2004-12,19063
2004-12,5833
2004-12,35089
2004-12,89714
2004-12,12323
2004-12,1925
2004-12,0
2004-12,29251
2004-12,21310
2004-12,15987
2004-12,18436
2004-12,4495
2004-11,26699
2004-11,3069
2004-11,12565
2004-11,19591
2004-11,45685
2004-11,17448
2004-11,7890
2004-11,2032
2004-11,0
2004-11,33432
2004-11,22750
2004-11,52
2004-11,572
2004-11,6131
2004-11,65211
2004-11,20618
2004-11,11336
2004-11,12394
2004-11,26223
2004-11,19747
2004-11,5351
2004-11,0
2004-11,10069
2004-11,9584
2004-11,36273
2004-11,18628
2004-11,20374
2004-11,23241
2004-11,6277
2004-11,6105
2004-11,4796
2004-11,5077
2004-11,4103
2004-11,6988
2004-11,19705
2004-11,28490
2004-11,3297
2004-11,37066
2004-11,18383
2004-11,12846
2004-11,54967
2004-11,729
2004-11,985
2004-11,12811
2004-11,5218
2004-11,24583
2004-11,63937
2004-11,7484
2004-11,2029
2004-11,0
2004-11,23367
2004-11,16530
2004-11,17384
2004-11,20830
2004-11,2987
2004-10,21176
2004-10,4459
2004-10,13582
2004-10,16814
2004-10,45571
2004-10,22001
2004-10,8925
2004-10,1675
2004-10,0
2004-10,31051
2004-10,23236
2004-10,42
2004-10,611
2004-10,7776
2004-10,55301
2004-10,18095
2004-10,10823
2004-10,10937
2004-10,23503
2004-10,19403
2004-10,8223
2004-10,0
2004-10,7932
2004-10,9922
2004-10,36516
2004-10,28415
2004-10,14717
2004-10,23087
2004-10,10075
2004-10,6106
2004-10,5179
2004-10,6204
2004-10,3519
2004-10,7931
2004-10,20235
2004-10,24972
2004-10,5179
2004-10,29188
2004-10,16290
2004-10,13010
2004-10,49783
2004-10,743
2004-10,986
2004-10,11543
2004-10,7385
2004-10,21146
2004-10,61431
2004-10,7309
2004-10,2588
2004-10,0
2004-10,22217
2004-10,19747
2004-10,15018
2004-10,23097
2004-10,3133
2004-09,17444
2004-09,3633
2004-09,13086
2004-09,13995
2004-09,45463
2004-09,17735
2004-09,7721
2004-09,1418
2004-09,4
2004-09,21139
2004-09,18190
2004-09,35
2004-09,583
2004-09,7700
2004-09,42102
2004-09,13109
2004-09,7925
2004-09,7890
2004-09,18802
2004-09,15586
2004-09,6141
2004-09,0
2004-09,6887
2004-09,9547
2004-09,31051
2004-09,26037
2004-09,11372
2004-09,16876
2004-09,8286
2004-09,4499
2004-09,4877
2004-09,5360
2004-09,2983
2004-09,6986
2004-09,17011
2004-09,22304
2004-09,3825
2004-09,24322
2004-09,13706
2004-09,15537
2004-09,41867
2004-09,584
2004-09,851
2004-09,10732
2004-09,5341
2004-09,18642
2004-09,64339
2004-09,7432
2004-09,1977
2004-09,0
2004-09,18574
2004-09,18092
2004-09,10877
2004-09,18953
2004-09,3560
2004-08,16287
2004-08,4031
2004-08,11904
2004-08,11751
2004-08,46906
2004-08,15195
2004-08,7356
2004-08,1210
2004-08,0
2004-08,22860
2004-08,16875
2004-08,31
2004-08,639
2004-08,5810
2004-08,45720
2004-08,13324
2004-08,5980
2004-08,7075
2004-08,17314
2004-08,13080
2004-08,4000
2004-08,0
2004-08,5900
2004-08,8845
2004-08,26368
2004-08,18607
2004-08,11411
2004-08,15721
2004-08,6807
2004-08,3676
2004-08,4159
2004-08,4340
2004-08,2796
2004-08,6411
2004-08,11732
2004-08,23935
2004-08,2796
2004-08,23272
2004-08,12935
2004-08,10501
2004-08,36989
2004-08,615
2004-08,684
2004-08,9468
2004-08,3976
2004-08,18110
2004-08,57014
2004-08,6256
2004-08,1290
2004-08,0
2004-08,16093
2004-08,15147
2004-08,9503
2004-08,13542
2004-08,2672
2004-07,14074
2004-07,3345
2004-07,11040
2004-07,9360
2004-07,43563
2004-07,13110
2004-07,7245
2004-07,961
2004-07,1
2004-07,21187
2004-07,14770
2004-07,42
2004-07,610
2004-07,5165
2004-07,35221
2004-07,10325
2004-07,4688
2004-07,5569
2004-07,14663
2004-07,10579
2004-07,3252
2004-07,0
2004-07,4942
2004-07,8701
2004-07,21704
2004-07,13973
2004-07,8779
2004-07,12484
2004-07,5726
2004-07,2690
2004-07,3978
2004-07,4143
2004-07,2373
2004-07,5257
2004-07,9185
2004-07,16397
2004-07,2135
2004-07,19973
2004-07,10916
2004-07,9299
2004-07,34235
2004-07,639
2004-07,664
2004-07,7496
2004-07,3020
2004-07,15025
2004-07,44473
2004-07,5537
2004-07,1229
2004-07,0
2004-07,14873
2004-07,14383
2004-07,7897
2004-07,9639
2004-07,2450
2004-06,13032
2004-06,2925
2004-06,10589
2004-06,8813
2004-06,46403
2004-06,12330
2004-06,7486
2004-06,926
2004-06,0
2004-06,21304
2004-06,13483
2004-06,29
2004-06,602
2004-06,4794
2004-06,40789
2004-06,10336
2004-06,4560
2004-06,5267
2004-06,13113
2004-06,9497
2004-06,2937
2004-06,0
2004-06,4715
2004-06,8088
2004-06,21367
2004-06,14621
2004-06,7894
2004-06,11619
2004-06,6029
2004-06,2528
2004-06,3612
2004-06,3647
2004-06,2468
2004-06,5284
2004-06,8630
2004-06,15936
2004-06,1981
2004-06,19919
2004-06,10337
2004-06,10109
2004-06,32506
2004-06,560
2004-06,735
2004-06,7092
2004-06,2879
2004-06,13387
2004-06,41498
2004-06,5068
2004-06,1037
2004-06,0
2004-06,11764
2004-06,14644
2004-06,7174
2004-06,9055
2004-06,2544
2004-05,12130
2004-05,3152
2004-05,11245
2004-05,8050
2004-05,42434
2004-05,12521
2004-05,7065
2004-05,889
2004-05,2
2004-05,20687
2004-05,12840
2004-05,18
2004-05,546
2004-05,5511
2004-05,35814
2004-05,9872
2004-05,4809
2004-05,4995
2004-05,12385
2004-05,8793
2004-05,2979
2004-05,0
2004-05,4098
2004-05,7766
2004-05,22636
2004-05,14638
2004-05,8104
2004-05,11436
2004-05,6249
2004-05,2540
2004-05,3896
2004-05,3797
2004-05,2482
2004-05,5264
2004-05,8938
2004-05,15522
2004-05,2256
2004-05,20476
2004-05,10224
2004-05,10572
2004-05,32281
2004-05,515
2004-05,721
2004-05,6883
2004-05,2884
2004-05,12681
2004-05,41897
2004-05,5184
2004-05,1224
2004-05,0
2004-05,12719
2004-05,15218
2004-05,6867
2004-05,10699
2004-05,2372
2004-04,13947
2004-04,3722
2004-04,12558
2004-04,9213
2004-04,43369
2004-04,14576
2004-04,8450
2004-04,1144
2004-04,2
2004-04,22389
2004-04,14456
2004-04,44
2004-04,705
2004-04,6207
2004-04,44701
2004-04,12091
2004-04,6552
2004-04,6650
2004-04,16778
2004-04,9768
2004-04,3495
2004-04,0
2004-04,5425
2004-04,9429
2004-04,27351
2004-04,18774
2004-04,8706
2004-04,15981
2004-04,6867
2004-04,2832
2004-04,4243
2004-04,4894
2004-04,3084
2004-04,6401
2004-04,12391
2004-04,18815
2004-04,2541
2004-04,27076
2004-04,12820
2004-04,12187
2004-04,41282
2004-04,547
2004-04,793
2004-04,7790
2004-04,3250
2004-04,13966
2004-04,46175
2004-04,5528
2004-04,1703
2004-04,0
2004-04,13583
2004-04,15849
2004-04,9383
2004-04,15981
2004-04,2815
2004-03,17249
2004-03,3235
2004-03,13258
2004-03,11743
2004-03,44793
2004-03,16334
2004-03,10574
2004-03,1233
2004-03,4
2004-03,25583
2004-03,18605
2004-03,30
2004-03,776
2004-03,6787
2004-03,51428
2004-03,16306
2004-03,9574
2004-03,8254
2004-03,18647
2004-03,12159
2004-03,4268
2004-03,0
2004-03,6345
2004-03,10213
2004-03,31287
2004-03,22108
2004-03,10511
2004-03,17844
2004-03,6886
2004-03,3504
2004-03,4817
2004-03,5322
2004-03,3433
2004-03,6837
2004-03,13372
2004-03,23684
2004-03,2661
2004-03,31499
2004-03,13570
2004-03,13561
2004-03,50690
2004-03,630
2004-03,1015
2004-03,9952
2004-03,3650
2004-03,18284
2004-03,50057
2004-03,6241
2004-03,1848
2004-03,0
2004-03,17099
2004-03,19088
2004-03,10544
2004-03,19197
2004-03,2965
2004-02,20266
2004-02,2808
2004-02,14127
2004-02,14016
2004-02,40636
2004-02,14119
2004-02,9993
2004-02,1258
2004-02,1
2004-02,26760
2004-02,21660
2004-02,38
2004-02,496
2004-02,6102
2004-02,51698
2004-02,15525
2004-02,8155
2004-02,8417
2004-02,21118
2004-02,13736
2004-02,3309
2004-02,0
2004-02,6478
2004-02,8699
2004-02,26973
2004-02,16547
2004-02,13855
2004-02,17076
2004-02,6509
2004-02,3257
2004-02,4469
2004-02,4314
2004-02,2981
2004-02,7893
2004-02,10565
2004-02,25119
2004-02,2239
2004-02,30551
2004-02,16590
2004-02,11998
2004-02,40847
2004-02,610
2004-02,799
2004-02,11262
2004-02,3685
2004-02,19565
2004-02,55899
2004-02,6382
2004-02,1515
2004-02,0
2004-02,17268
2004-02,17819
2004-02,11403
2004-02,15590
2004-02,2884
2004-01,20486
2004-01,2208
2004-01,12922
2004-01,13029
2004-01,43460
2004-01,14192
2004-01,9205
2004-01,1218
2004-01,0
2004-01,26510
2004-01,20161
2004-01,31
2004-01,546
2004-01,5156
2004-01,56792
2004-01,14800
2004-01,9542
2004-01,8278
2004-01,19968
2004-01,13432
2004-01,3373
2004-01,0
2004-01,5159
2004-01,9772
2004-01,24467
2004-01,15236
2004-01,12365
2004-01,16074
2004-01,5428
2004-01,3489
2004-01,4237
2004-01,4449
2004-01,3180
2004-01,6790
2004-01,10198
2004-01,23794
2004-01,2141
2004-01,26101
2004-01,14758
2004-01,10804
2004-01,38117
2004-01,548
2004-01,831
2004-01,10061
2004-01,3202
2004-01,18923
2004-01,56561
2004-01,5223
2004-01,1125
2004-01,0
2004-01,16254
2004-01,15605
2004-01,10809
2004-01,12078
2004-01,2550
,8579891
,
2003-12,35597
2003-12,3263
2003-12,16621
2003-12,21262
2003-12,49624
2003-12,20714
2003-12,9379
2003-12,2261
2003-12,2
2003-12,38282
2003-12,38134
2003-12,42
2003-12,629
2003-12,8334
2003-12,56386
2003-12,22204
2003-12,15003
2003-12,13095
2003-12,30782
2003-12,26414
2003-12,4917
2003-12,0
2003-12,8791
2003-12,9835
2003-12,39166
2003-12,20769
2003-12,23183
2003-12,25668
2003-12,8152
2003-12,6532
2003-12,5777
2003-12,4937
2003-12,4041
2003-12,8703
2003-12,15719
2003-12,37286
2003-12,3298
2003-12,37477
2003-12,22358
2003-12,17146
2003-12,48979
2003-12,769
2003-12,896
2003-12,17124
2003-12,5317
2003-12,31093
2003-12,86604
2003-12,10747
2003-12,1754
2003-12,0
2003-12,27911
2003-12,20641
2003-12,15309
2003-12,20026
2003-12,4127
2003-11,25551
2003-11,2506
2003-11,11731
2003-11,17620
2003-11,41693
2003-11,15438
2003-11,8320
2003-11,1944
2003-11,1
2003-11,27481
2003-11,27622
2003-11,25
2003-11,547
2003-11,5504
2003-11,51054
2003-11,20023
2003-11,10925
2003-11,11940
2003-11,23773
2003-11,19197
2003-11,5166
2003-11,0
2003-11,9184
2003-11,8552
2003-11,36733
2003-11,19386
2003-11,19331
2003-11,23531
2003-11,6006
2003-11,5629
2003-11,4176
2003-11,5352
2003-11,4071
2003-11,6673
2003-11,17038
2003-11,27707
2003-11,3288
2003-11,35612
2003-11,18023
2003-11,11970
2003-11,55272
2003-11,554
2003-11,915
2003-11,11422
2003-11,4911
2003-11,22810
2003-11,60660
2003-11,6606
2003-11,2158
2003-11,0
2003-11,22905
2003-11,16027
2003-11,16434
2003-11,22696
2003-11,2699
2003-10,20526
2003-10,4110
2003-10,12481
2003-10,16301
2003-10,43376
2003-10,17450
2003-10,10710
2003-10,1671
2003-10,1
2003-10,26637
2003-10,30028
2003-10,39
2003-10,666
2003-10,7470
2003-10,51128
2003-10,17872
2003-10,10194
2003-10,10264
2003-10,23222
2003-10,20286
2003-10,8319
2003-10,0
2003-10,7520
2003-10,11515
2003-10,38240
2003-10,29185
2003-10,15046
2003-10,23725
2003-10,10344
2003-10,5625
2003-10,4330
2003-10,6144
2003-10,3643
2003-10,7665
2003-10,17338
2003-10,26582
2003-10,4971
2003-10,26800
2003-10,16248
2003-10,12698
2003-10,51311
2003-10,714
2003-10,955
2003-10,11100
2003-10,7271
2003-10,18831
2003-10,65970
2003-10,6534
2003-10,2621
2003-10,0
2003-10,20115
2003-10,19743
2003-10,15458
2003-10,24314
2003-10,3062
2003-09,17641
2003-09,3150
2003-09,11845
2003-09,12916
2003-09,42763
2003-09,15308
2003-09,8025
2003-09,1266
2003-09,0
2003-09,23621
2003-09,23349
2003-09,16
2003-09,703
2003-09,7691
2003-09,47580
2003-09,13720
2003-09,7735
2003-09,8004
2003-09,17307
2003-09,16515
2003-09,5938
2003-09,0
2003-09,5837
2003-09,12672
2003-09,33495
2003-09,27540
2003-09,11430
2003-09,17426
2003-09,8208
2003-09,4111
2003-09,3756
2003-09,5711
2003-09,3074
2003-09,6395
2003-09,14408
2003-09,20031
2003-09,4086
2003-09,23788
2003-09,12886
2003-09,14543
2003-09,43833
2003-09,673
2003-09,811
2003-09,9906
2003-09,5165
2003-09,16340
2003-09,63737
2003-09,6529
2003-09,2215
2003-09,0
2003-09,14928
2003-09,18058
2003-09,10656
2003-09,20542
2003-09,3422
2003-08,17035
2003-08,3915
2003-08,12376
2003-08,11464
2003-08,45078
2003-08,16323
2003-08,7756
2003-08,1236
2003-08,0
2003-08,24348
2003-08,22256
2003-08,23
2003-08,598
2003-08,6021
2003-08,45035
2003-08,12531
2003-08,5539
2003-08,7634
2003-08,18267
2003-08,14049
2003-08,4202
2003-08,0
2003-08,5649
2003-08,9915
2003-08,24232
2003-08,20094
2003-08,12311
2003-08,15286
2003-08,6793
2003-08,3372
2003-08,4369
2003-08,4517
2003-08,3121
2003-08,6957
2003-08,10499
2003-08,21568
2003-08,2838
2003-08,22423
2003-08,14009
2003-08,11410
2003-08,38578
2003-08,672
2003-08,733
2003-08,10259
2003-08,3919
2003-08,18585
2003-08,64983
2003-08,5376
2003-08,1647
2003-08,0
2003-08,15365
2003-08,16303
2003-08,9555
2003-08,13592
2003-08,2699
2003-07,13173
2003-07,2911
2003-07,10256
2003-07,8085
2003-07,40846
2003-07,12002
2003-07,7741
2003-07,972
2003-07,3
2003-07,19990
2003-07,16995
2003-07,16
2003-07,584
2003-07,4844
2003-07,30227
2003-07,11507
2003-07,4438
2003-07,4955
2003-07,13348
2003-07,10481
2003-07,2903
2003-07,0
2003-07,4605
2003-07,10566
2003-07,20248
2003-07,15858
2003-07,8382
2003-07,10987
2003-07,5269
2003-07,2148
2003-07,3505
2003-07,3470
2003-07,2780
2003-07,5433
2003-07,8745
2003-07,15547
2003-07,1894
2003-07,16800
2003-07,9998
2003-07,8552
2003-07,32286
2003-07,572
2003-07,689
2003-07,7181
2003-07,2652
2003-07,13434
2003-07,45602
2003-07,4223
2003-07,1138
2003-07,0
2003-07,12439
2003-07,14572
2003-07,7573
2003-07,9442
2003-07,2165
2003-06,12709
2003-06,2704
2003-06,9724
2003-06,7882
2003-06,42438
2003-06,13193
2003-06,7265
2003-06,1008
2003-06,0
2003-06,20222
2003-06,16976
2003-06,31
2003-06,558
2003-06,4867
2003-06,27243
2003-06,14414
2003-06,4006
2003-06,5008
2003-06,12708
2003-06,9410
2003-06,2659
2003-06,0
2003-06,4917
2003-06,10576
2003-06,19730
2003-06,16844
2003-06,7679
2003-06,10474
2003-06,5518
2003-06,2099
2003-06,3151
2003-06,3441
2003-06,3087
2003-06,5137
2003-06,9404
2003-06,15887
2003-06,1929
2003-06,17488
2003-06,9650
2003-06,9172
2003-06,32905
2003-06,559
2003-06,625
2003-06,7510
2003-06,2601
2003-06,13571
2003-06,42514
2003-06,6157
2003-06,1108
2003-06,0
2003-06,11395
2003-06,14947
2003-06,7133
2003-06,9258
2003-06,2289
2003-05,13175
2003-05,2745
2003-05,10819
2003-05,8176
2003-05,43667
2003-05,13048
2003-05,7860
2003-05,1093
2003-05,0
2003-05,20763
2003-05,16809
2003-05,36
2003-05,564
2003-05,5362
2003-05,33123
2003-05,15645
2003-05,4743
2003-05,5156
2003-05,14032
2003-05,9408
2003-05,3194
2003-05,0
2003-05,5019
2003-05,12481
2003-05,21821
2003-05,15674
2003-05,8148
2003-05,11468
2003-05,5954
2003-05,2280
2003-05,3693
2003-05,4017
2003-05,3373
2003-05,5661
2003-05,10359
2003-05,15734
2003-05,2170
2003-05,19288
2003-05,10286
2003-05,10383
2003-05,37419
2003-05,744
2003-05,737
2003-05,7531
2003-05,2720
2003-05,13286
2003-05,43876
2003-05,4530
2003-05,1263
2003-05,0
2003-05,13630
2003-05,16493
2003-05,8467
2003-05,10513
2003-05,2450
2003-04,13240
2003-04,3166
2003-04,11516
2003-04,9170
2003-04,45508
2003-04,13153
2003-04,8253
2003-04,1170
2003-04,1
2003-04,21214
2003-04,16905
2003-04,43
2003-04,646
2003-04,5898
2003-04,43935
2003-04,15798
2003-04,6568
2003-04,6371
2003-04,15413
2003-04,9360
2003-04,3594
2003-04,0
2003-04,6242
2003-04,10364
2003-04,25693
2003-04,16978
2003-04,8174
2003-04,14355
2003-04,6605
2003-04,2821
2003-04,3835
2003-04,4711
2003-04,3491
2003-04,5889
2003-04,12154
2003-04,17066
2003-04,2375
2003-04,22394
2003-04,11771
2003-04,11687
2003-04,42563
2003-04,773
2003-04,831
2003-04,7527
2003-04,2889
2003-04,13387
2003-04,44287
2003-04,4668
2003-04,1648
2003-04,0
2003-04,13215
2003-04,18172
2003-04,9584
2003-04,15527
2003-04,2460
2003-03,17213
2003-03,2759
2003-03,13234
2003-03,11422
2003-03,48429
2003-03,15687
2003-03,9597
2003-03,1360
2003-03,2
2003-03,25487
2003-03,23288
2003-03,31
2003-03,726
2003-03,7171
2003-03,46415
2003-03,14360
2003-03,8589
2003-03,8450
2003-03,18342
2003-03,12808
2003-03,3980
2003-03,1
2003-03,6938
2003-03,13102
2003-03,30012
2003-03,19557
2003-03,11064
2003-03,16987
2003-03,6752
2003-03,3345
2003-03,5029
2003-03,4972
2003-03,4025
2003-03,7019
2003-03,13245
2003-03,21147
2003-03,2501
2003-03,28489
2003-03,13211
2003-03,13674
2003-03,52909
2003-03,648
2003-03,875
2003-03,10149
2003-03,3650
2003-03,18543
2003-03,56761
2003-03,5273
2003-03,1854
2003-03,0
2003-03,17336
2003-03,20934
2003-03,10598
2003-03,17626
2003-03,2613
2003-02,20440
2003-02,2931
2003-02,13568
2003-02,13811
2003-02,41724
2003-02,15067
2003-02,7900
2003-02,1135
2003-02,0
2003-02,25659
2003-02,27029
2003-02,41
2003-02,584
2003-02,6017
2003-02,43597
2003-02,13569
2003-02,7918
2003-02,8099
2003-02,21067
2003-02,13942
2003-02,3099
2003-02,3
2003-02,6717
2003-02,10285
2003-02,27025
2003-02,14891
2003-02,13657
2003-02,17562
2003-02,5831
2003-02,3320
2003-02,4022
2003-02,3728
2003-02,3354
2003-02,7344
2003-02,11406
2003-02,23950
2003-02,2083
2003-02,26525
2003-02,15749
2003-02,11277
2003-02,40231
2003-02,587
2003-02,803
2003-02,11483
2003-02,3417
2003-02,21746
2003-02,59258
2003-02,5519
2003-02,1518
2003-02,0
2003-02,15983
2003-02,19550
2003-02,11277
2003-02,13885
2003-02,2773
2003-01,19179
2003-01,2899
2003-01,11548
2003-01,12140
2003-01,39285
2003-01,13874
2003-01,7761
2003-01,1245
2003-01,1
2003-01,24477
2003-01,22827
2003-01,36
2003-01,634
2003-01,5490
2003-01,40194
2003-01,12210
2003-01,9469
2003-01,8389
2003-01,18608
2003-01,13823
2003-01,2926
2003-01,2
2003-01,6851
2003-01,11532
2003-01,25766
2003-01,12952
2003-01,12472
2003-01,15396
2003-01,5354
2003-01,3476
2003-01,3789
2003-01,3724
2003-01,3673
2003-01,6264
2003-01,10516
2003-01,21983
2003-01,1960
2003-01,21548
2003-01,13362
2003-01,10448
2003-01,39610
2003-01,641
2003-01,790
2003-01,10160
2003-01,3171
2003-01,18157
2003-01,54023
2003-01,4345
2003-01,1047
2003-01,0
2003-01,15048
2003-01,18476
2003-01,9733
2003-01,11173
2003-01,2425
,8402244
,
2002-12,33634
2002-12,3653
2002-12,14932
2002-12,20312
2002-12,73051
2002-12,19938
2002-12,7575
2002-12,2229
2002-12,1
2002-12,35703
2002-12,40938
2002-12,14
2002-12,624
2002-12,7637
2002-12,42982
2002-12,17663
2002-12,13218
2002-12,13385
2002-12,29722
2002-12,24557
2002-12,4851
2002-12,0
2002-12,9654
2002-12,8426
2002-12,36038
2002-12,17493
2002-12,22575
2002-12,24887
2002-12,7078
2002-12,6246
2002-12,5205
2002-12,4488
2002-12,4196
2002-12,8402
2002-12,15952
2002-12,34054
2002-12,3033
2002-12,36644
2002-12,20200
2002-12,16020
2002-12,50909
2002-12,672
2002-12,830
2002-12,16961
2002-12,5011
2002-12,31800
2002-12,84467
2002-12,9597
2002-12,1744
2002-12,0
2002-12,25462
2002-12,19526
2002-12,15226
2002-12,16938
2002-12,3566
2002-11,26757
2002-11,2801
2002-11,12430
2002-11,19391
2002-11,54868
2002-11,17115
2002-11,8167
2002-11,2067
2002-11,0
2002-11,28505
2002-11,28433
2002-11,40
2002-11,554
2002-11,5704
2002-11,45317
2002-11,19152
2002-11,10295
2002-11,12763
2002-11,25714
2002-11,20779
2002-11,4843
2002-11,0
2002-11,10339
2002-11,10705
2002-11,37755
2002-11,17579
2002-11,20891
2002-11,23745
2002-11,6254
2002-11,5473
2002-11,3975
2002-11,4747
2002-11,4531
2002-11,7321
2002-11,17417
2002-11,29216
2002-11,3168
2002-11,37101
2002-11,17983
2002-11,11606
2002-11,62360
2002-11,630
2002-11,918
2002-11,12360
2002-11,4888
2002-11,26066
2002-11,69561
2002-11,6100
2002-11,2245
2002-11,0
2002-11,22305
2002-11,17503
2002-11,18015
2002-11,20334
2002-11,2755
2002-10,19568
2002-10,4699
2002-10,13141
2002-10,16176
2002-10,52756
2002-10,18322
2002-10,9534
2002-10,1778
2002-10,0
2002-10,26362
2002-10,28409
2002-10,30
2002-10,693
2002-10,7246
2002-10,41917
2002-10,16997
2002-10,10199
2002-10,10404
2002-10,22037
2002-10,18538
2002-10,7990
2002-10,2
2002-10,8863
2002-10,12415
2002-10,37430
2002-10,24486
2002-10,14169
2002-10,22358
2002-10,9557
2002-10,5639
2002-10,4310
2002-10,5715
2002-10,3961
2002-10,8058
2002-10,18629
2002-10,26629
2002-10,4475
2002-10,29493
2002-10,15477
2002-10,12187
2002-10,58871
2002-10,978
2002-10,959
2002-10,10848
2002-10,6422
2002-10,19767
2002-10,66213
2002-10,5922
2002-10,2586
2002-10,1
2002-10,20438
2002-10,19637
2002-10,15209
2002-10,21361
2002-10,3252
2002-09,17961
2002-09,3027
2002-09,12274
2002-09,12525
2002-09,52881
2002-09,16030
2002-09,7020
2002-09,1330
2002-09,0
2002-09,22695
2002-09,22988
2002-09,18
2002-09,599
2002-09,7757
2002-09,36661
2002-09,12951
2002-09,7427
2002-09,7710
2002-09,17645
2002-09,15930
2002-09,6209
2002-09,0
2002-09,6570
2002-09,7535
2002-09,32557
2002-09,23195
2002-09,11359
2002-09,15415
2002-09,7883
2002-09,3646
2002-09,3781
2002-09,4704
2002-09,3095
2002-09,6258
2002-09,15457
2002-09,21396
2002-09,3642
2002-09,25414
2002-09,12384
2002-09,14680
2002-09,47875
2002-09,808
2002-09,791
2002-09,10135
2002-09,4579
2002-09,16574
2002-09,63116
2002-09,5598
2002-09,2021
2002-09,0
2002-09,15936
2002-09,17315
2002-09,11584
2002-09,18039
2002-09,3290
2002-08,17453
2002-08,3753
2002-08,13140
2002-08,11892
2002-08,56621
2002-08,16702
2002-08,7252
2002-08,1262
2002-08,0
2002-08,23710
2002-08,21831
2002-08,33
2002-08,652
2002-08,6968
2002-08,37385
2002-08,16470
2002-08,5558
2002-08,7554
2002-08,18976
2002-08,15557
2002-08,3944
2002-08,1
2002-08,5869
2002-08,7485
2002-08,25209
2002-08,17376
2002-08,12576
2002-08,15419
2002-08,6667
2002-08,3013
2002-08,3971
2002-08,4205
2002-08,3252
2002-08,6710
2002-08,10578
2002-08,23077
2002-08,2642
2002-08,24991
2002-08,13008
2002-08,11110
2002-08,44403
2002-08,838
2002-08,740
2002-08,10757
2002-08,3898
2002-08,18777
2002-08,62213
2002-08,4662
2002-08,1448
2002-08,0
2002-08,15177
2002-08,16150
2002-08,9931
2002-08,12972
2002-08,2972
2002-07,12674
2002-07,2760
2002-07,10056
2002-07,8666
2002-07,54488
2002-07,11967
2002-07,6262
2002-07,971
2002-07,0
2002-07,19510
2002-07,17014
2002-07,18
2002-07,676
2002-07,4768
2002-07,31426
2002-07,12973
2002-07,4348
2002-07,4691
2002-07,13240
2002-07,10228
2002-07,2782
2002-07,12
2002-07,4761
2002-07,6376
2002-07,21077
2002-07,10721
2002-07,8200
2002-07,10623
2002-07,4958
2002-07,2290
2002-07,3327
2002-07,3286
2002-07,2795
2002-07,5585
2002-07,9230
2002-07,16372
2002-07,1782
2002-07,17474
2002-07,9486
2002-07,8202
2002-07,38259
2002-07,670
2002-07,667
2002-07,7167
2002-07,2267
2002-07,13248
2002-07,42810
2002-07,3569
2002-07,1159
2002-07,0
2002-07,11908
2002-07,14102
2002-07,7825
2002-07,8218
2002-07,2227
2002-06,12603
2002-06,2550
2002-06,9260
2002-06,8030
2002-06,51886
2002-06,10878
2002-06,6716
2002-06,890
2002-06,1
2002-06,20361
2002-06,16684
2002-06,20
2002-06,536
2002-06,4963
2002-06,27581
2002-06,12326
2002-06,3783
2002-06,4655
2002-06,12525
2002-06,9143
2002-06,2563
2002-06,9
2002-06,4565
2002-06,6631
2002-06,21044
2002-06,9824
2002-06,7560
2002-06,9917
2002-06,5075
2002-06,1892
2002-06,3084
2002-06,3189
2002-06,3001
2002-06,5350
2002-06,9681
2002-06,16030
2002-06,1892
2002-06,15859
2002-06,8872
2002-06,9462
2002-06,36303
2002-06,617
2002-06,676
2002-06,6884
2002-06,2206
2002-06,12056
2002-06,40367
2002-06,3596
2002-06,1041
2002-06,0
2002-06,10760
2002-06,13910
2002-06,6953
2002-06,8427
2002-06,2535
2002-05,13040
2002-05,2895
2002-05,10489
2002-05,8448
2002-05,58303
2002-05,12508
2002-05,7652
2002-05,1030
2002-05,2
2002-05,19847
2002-05,17226
2002-05,24
2002-05,868
2002-05,5718
2002-05,32981
2002-05,14494
2002-05,4642
2002-05,5132
2002-05,13687
2002-05,9275
2002-05,2894
2002-05,1
2002-05,4585
2002-05,6806
2002-05,23438
2002-05,11362
2002-05,7865
2002-05,11360
2002-05,5902
2002-05,2236
2002-05,3626
2002-05,3424
2002-05,3431
2002-05,5725
2002-05,10896
2002-05,15989
2002-05,1962
2002-05,17170
2002-05,9892
2002-05,9588
2002-05,40223
2002-05,606
2002-05,741
2002-05,7517
2002-05,2547
2002-05,13289
2002-05,42561
2002-05,4021
2002-05,1381
2002-05,0
2002-05,11665
2002-05,15994
2002-05,8140
2002-05,9866
2002-05,2495
2002-04,12967
2002-04,3264
2002-04,10516
2002-04,9702
2002-04,55856
2002-04,13722
2002-04,8098
2002-04,1084
2002-04,1
2002-04,20162
2002-04,17898
2002-04,20
2002-04,931
2002-04,5853
2002-04,38283
2002-04,15716
2002-04,6366
2002-04,5793
2002-04,16031
2002-04,9036
2002-04,3487
2002-04,6
2002-04,5551
2002-04,6297
2002-04,29443
2002-04,17114
2002-04,8257
2002-04,14706
2002-04,6388
2002-04,2707
2002-04,3598
2002-04,4089
2002-04,3616
2002-04,5747
2002-04,15022
2002-04,17383
2002-04,2344
2002-04,21786
2002-04,11945
2002-04,11695
2002-04,46684
2002-04,583
2002-04,725
2002-04,7629
2002-04,3040
2002-04,13784
2002-04,42304
2002-04,4404
2002-04,1844
2002-04,0
2002-04,13285
2002-04,15924
2002-04,9510
2002-04,14901
2002-04,2572
2002-03,17140
2002-03,2924
2002-03,12161
2002-03,12332
2002-03,58116
2002-03,17092
2002-03,8731
2002-03,1279
2002-03,1
2002-03,23455
2002-03,24030
2002-03,35
2002-03,539
2002-03,6542
2002-03,38538
2002-03,17084
2002-03,7878
2002-03,7526
2002-03,19630
2002-03,11907
2002-03,4056
2002-03,1
2002-03,5972
2002-03,8054
2002-03,31334
2002-03,17144
2002-03,11260
2002-03,17197
2002-03,5973
2002-03,3242
2002-03,4629
2002-03,4460
2002-03,4186
2002-03,7472
2002-03,13709
2002-03,21416
2002-03,2499
2002-03,25101
2002-03,12774
2002-03,12438
2002-03,54478
2002-03,582
2002-03,857
2002-03,10318
2002-03,3466
2002-03,19597
2002-03,49178
2002-03,4959
2002-03,2117
2002-03,0
2002-03,15481
2002-03,15370
2002-03,11248
2002-03,17631
2002-03,2758
2002-02,18976
2002-02,2255
2002-02,12418
2002-02,13724
2002-02,56796
2002-02,14328
2002-02,7718
2002-02,1219
2002-02,0
2002-02,25202
2002-02,26624
2002-02,26
2002-02,586
2002-02,5801
2002-02,34238
2002-02,16226
2002-02,7644
2002-02,7144
2002-02,21575
2002-02,12877
2002-02,3224
2002-02,0
2002-02,6328
2002-02,6471
2002-02,29161
2002-02,13211
2002-02,13916
2002-02,16993
2002-02,5426
2002-02,3279
2002-02,3835
2002-02,3566
2002-02,3500
2002-02,7086
2002-02,11906
2002-02,24556
2002-02,1987
2002-02,24203
2002-02,14740
2002-02,10659
2002-02,44417
2002-02,654
2002-02,751
2002-02,11629
2002-02,3115
2002-02,20354
2002-02,51634
2002-02,4699
2002-02,1657
2002-02,0
2002-02,15358
2002-02,14857
2002-02,11808
2002-02,13953
2002-02,2701
2002-01,18235
2002-01,2212
2002-01,11443
2002-01,12226
2002-01,58768
2002-01,15152
2002-01,8873
2002-01,1249
2002-01,1
2002-01,23336
2002-01,23126
2002-01,26
2002-01,549
2002-01,5105
2002-01,38829
2002-01,16183
2002-01,9000
2002-01,7353
2002-01,18641
2002-01,11753
2002-01,3079
2002-01,3
2002-01,5707
2002-01,7623
2002-01,29054
2002-01,12887
2002-01,11320
2002-01,15370
2002-01,5161
2002-01,3514
2002-01,3814
2002-01,3793
2002-01,3754
2002-01,6343
2002-01,12450
2002-01,22798
2002-01,1913
2002-01,21797
2002-01,12728
2002-01,9866
2002-01,42920
2002-01,510
2002-01,866
2002-01,9771
2002-01,2843
2002-01,17736
2002-01,50321
2002-01,4583
2002-01,1240
2002-01,0
2002-01,14014
2002-01,13151
2002-01,9397
2002-01,11139
2002-01,2462
,8367069
,
2001-12,34469
2001-12,3666
2001-12,16351
2001-12,21128
2001-12,85476
2001-12,40529
2001-12,8698
2001-12,2477
2001-12,1
2001-12,36702
2001-12,44831
2001-12,31
2001-12,713
2001-12,7612
2001-12,49225
2001-12,21293
2001-12,12122
2001-12,12684
2001-12,32626
2001-12,25195
2001-12,4943
2001-12,0
2001-12,10387
2001-12,7673
2001-12,38716
2001-12,17619
2001-12,23197
2001-12,26609
2001-12,7286
2001-12,6230
2001-12,6030
2001-12,4874
2001-12,4516
2001-12,9276
2001-12,18110
2001-12,39498
2001-12,3260
2001-12,37749
2001-12,21136
2001-12,16028
2001-12,57465
2001-12,645
2001-12,946
2001-12,19101
2001-12,4858
2001-12,32906
2001-12,86321
2001-12,9795
2001-12,2040
2001-12,0
2001-12,27163
2001-12,16810
2001-12,16578
2001-12,17698
2001-12,4006
2001-11,28049
2001-11,3478
2001-11,12832
2001-11,21699
2001-11,78910
2001-11,35152
2001-11,9119
2001-11,2166
2001-11,2
2001-11,32050
2001-11,32523
2001-11,38
2001-11,664
2001-11,6666
2001-11,53751
2001-11,21780
2001-11,11418
2001-11,12580
2001-11,28614
2001-11,21112
2001-11,5010
2001-11,0
2001-11,11327
2001-11,6993
2001-11,44550
2001-11,15991
2001-11,21545
2001-11,23866
2001-11,6244
2001-11,5835
2001-11,4257
2001-11,5158
2001-11,4829
2001-11,8083
2001-11,21675
2001-11,33064
2001-11,3397
2001-11,40008
2001-11,18529
2001-11,12373
2001-11,63805
2001-11,719
2001-11,1062
2001-11,13789
2001-11,4623
2001-11,27264
2001-11,68854
2001-11,6799
2001-11,2503
2001-11,0
2001-11,23635
2001-11,14250
2001-11,19121
2001-11,21370
2001-11,3079
2001-10,23088
2001-10,5278
2001-10,15246
2001-10,18324
2001-10,76958
2001-10,43020
2001-10,10892
2001-10,2192
2001-10,1
2001-10,38217
2001-10,38250
2001-10,20
2001-10,820
2001-10,8371
2001-10,53613
2001-10,22702
2001-10,10661
2001-10,11160
2001-10,24942
2001-10,21704
2001-10,9346
2001-10,6
2001-10,11151
2001-10,7727
2001-10,46270
2001-10,29004
2001-10,16380
2001-10,24876
2001-10,9769
2001-10,6270
2001-10,5235
2001-10,6886
2001-10,4722
2001-10,9292
2001-10,24704
2001-10,33010
2001-10,4972
2001-10,33599
2001-10,17707
2001-10,13958
2001-10,63468
2001-10,738
2001-10,1510
2001-10,13440
2001-10,6613
2001-10,24095
2001-10,72476
2001-10,7336
2001-10,3054
2001-10,0
2001-10,23054
2001-10,20541
2001-10,17649
2001-10,25423
2001-10,3340
2001-09,21407
2001-09,3784
2001-09,14501
2001-09,15356
2001-09,72914
2001-09,36990
2001-09,7855
2001-09,1764
2001-09,1
2001-09,29526
2001-09,30179
2001-09,21
2001-09,529
2001-09,8312
2001-09,38726
2001-09,16272
2001-09,8139
2001-09,8493
2001-09,20022
2001-09,18421
2001-09,6996
2001-09,9
2001-09,8124
2001-09,5533
2001-09,42150
2001-09,26158
2001-09,12940
2001-09,18019
2001-09,8365
2001-09,4633
2001-09,5290
2001-09,5627
2001-09,3350
2001-09,7704
2001-09,19150
2001-09,25304
2001-09,4157
2001-09,29848
2001-09,14475
2001-09,16615
2001-09,49455
2001-09,736
2001-09,1163
2001-09,12067
2001-09,4961
2001-09,19482
2001-09,69653
2001-09,7117
2001-09,2506
2001-09,0
2001-09,17970
2001-09,16619
2001-09,12520
2001-09,21972
2001-09,3948
2001-08,17684
2001-08,3902
2001-08,11822
2001-08,13289
2001-08,71416
2001-08,28926
2001-08,6175
2001-08,1101
2001-08,0
2001-08,22195
2001-08,25011
2001-08,35
2001-08,658
2001-08,6228
2001-08,39017
2001-08,17113
2001-08,5333
2001-08,7090
2001-08,19612
2001-08,15894
2001-08,3994
2001-08,85
2001-08,5471
2001-08,4528
2001-08,29598
2001-08,17366
2001-08,13808
2001-08,15539
2001-08,6424
2001-08,3158
2001-08,3916
2001-08,3402
2001-08,2662
2001-08,7009
2001-08,11972
2001-08,23803
2001-08,2546
2001-08,20725
2001-08,13501
2001-08,10936
2001-08,35334
2001-08,868
2001-08,766
2001-08,11241
2001-08,3341
2001-08,18714
2001-08,61054
2001-08,4901
2001-08,1416
2001-08,0
2001-08,13733
2001-08,12833
2001-08,10176
2001-08,13619
2001-08,3070
2001-07,12972
2001-07,3198
2001-07,9753
2001-07,8818
2001-07,63395
2001-07,21457
2001-07,5753
2001-07,813
2001-07,0
2001-07,19017
2001-07,18632
2001-07,28
2001-07,466
2001-07,4874
2001-07,32121
2001-07,14374
2001-07,3989
2001-07,4842
2001-07,13077
2001-07,10495
2001-07,2886
2001-07,13
2001-07,4521
2001-07,4243
2001-07,24629
2001-07,10649
2001-07,8578
2001-07,10427
2001-07,4779
2001-07,2246
2001-07,3491
2001-07,2824
2001-07,2139
2001-07,5331
2001-07,9332
2001-07,16277
2001-07,1792
2001-07,13934
2001-07,9212
2001-07,8517
2001-07,28635
2001-07,590
2001-07,566
2001-07,7560
2001-07,2238
2001-07,12699
2001-07,40143
2001-07,3584
2001-07,1193
2001-07,0
2001-07,11535
2001-07,10940
2001-07,7603
2001-07,8841
2001-07,2285
2001-06,13220
2001-06,2626
2001-06,10025
2001-06,8588
2001-06,66811
2001-06,21850
2001-06,6339
2001-06,852
2001-06,2
2001-06,19021
2001-06,18300
2001-06,24
2001-06,499
2001-06,4852
2001-06,27854
2001-06,18746
2001-06,3987
2001-06,4899
2001-06,13848
2001-06,10172
2001-06,2421
2001-06,0
2001-06,4950
2001-06,4307
2001-06,17873
2001-06,9756
2001-06,8824
2001-06,10642
2001-06,5264
2001-06,2111
2001-06,3555
2001-06,2480
2001-06,2417
2001-06,5531
2001-06,10320
2001-06,16492
2001-06,1786
2001-06,15312
2001-06,9283
2001-06,10431
2001-06,29275
2001-06,537
2001-06,580
2001-06,7518
2001-06,2174
2001-06,12826
2001-06,39412
2001-06,4130
2001-06,1059
2001-06,0
2001-06,11170
2001-06,11110
2001-06,7652
2001-06,8425
2001-06,2231
2001-05,12138
2001-05,2965
2001-05,10058
2001-05,8581
2001-05,76603
2001-05,21077
2001-05,6879
2001-05,918
2001-05,3
2001-05,18478
2001-05,17775
2001-05,26
2001-05,620
2001-05,5392
2001-05,28069
2001-05,10842
2001-05,4284
2001-05,4860
2001-05,12909
2001-05,8720
2001-05,2570
2001-05,6
2001-05,4211
2001-05,4780
2001-05,18682
2001-05,10389
2001-05,7929
2001-05,10300
2001-05,5300
2001-05,2116
2001-05,3516
2001-05,2477
2001-05,2691
2001-05,5457
2001-05,10226
2001-05,15681
2001-05,1869
2001-05,15075
2001-05,9219
2001-05,9033
2001-05,30679
2001-05,524
2001-05,598
2001-05,7511
2001-05,2030
2001-05,12283
2001-05,40931
2001-05,3728
2001-05,1031
2001-05,0
2001-05,11315
2001-05,10471
2001-05,7406
2001-05,8868
2001-05,2338
2001-04,12565
2001-04,3398
2001-04,10565
2001-04,9014
2001-04,77120
2001-04,23024
2001-04,6894
2001-04,929
2001-04,3
2001-04,19361
2001-04,18481
2001-04,33
2001-04,623
2001-04,5517
2001-04,30716
2001-04,11399
2001-04,5676
2001-04,5507
2001-04,14259
2001-04,8474
2001-04,3270
2001-04,0
2001-04,5105
2001-04,4747
2001-04,23859
2001-04,14891
2001-04,8356
2001-04,12672
2001-04,5718
2001-04,2370
2001-04,3392
2001-04,3236
2001-04,2704
2001-04,5731
2001-04,12965
2001-04,16310
2001-04,2132
2001-04,18712
2001-04,10670
2001-04,10977
2001-04,36360
2001-04,404
2001-04,720
2001-04,7276
2001-04,2292
2001-04,12402
2001-04,38409
2001-04,4622
2001-04,1615
2001-04,0
2001-04,11970
2001-04,11289
2001-04,8399
2001-04,14239
2001-04,2390
2001-03,18034
2001-03,2912
2001-03,12450
2001-03,13680
2001-03,65127
2001-03,29331
2001-03,7482
2001-03,1234
2001-03,3
2001-03,23281
2001-03,27325
2001-03,23
2001-03,601
2001-03,6379
2001-03,39288
2001-03,14906
2001-03,8202
2001-03,8141
2001-03,20312
2001-03,12527
2001-03,3363
2001-03,9
2001-03,6170
2001-03,5747
2001-03,28472
2001-03,17194
2001-03,12301
2001-03,16461
2001-03,6185
2001-03,3305
2001-03,4324
2001-03,3165
2001-03,3413
2001-03,7669
2001-03,14679
2001-03,22405
2001-03,2372
2001-03,24668
2001-03,13004
2001-03,12324
2001-03,44975
2001-03,493
2001-03,779
2001-03,10859
2001-03,3066
2001-03,20878
2001-03,52984
2001-03,5295
2001-03,1750
2001-03,0
2001-03,15645
2001-03,13278
2001-03,11306
2001-03,17988
2001-03,2713
2001-02,18828
2001-02,2343
2001-02,12700
2001-02,14916
2001-02,58904
2001-02,23686
2001-02,6485
2001-02,1077
2001-02,1
2001-02,22384
2001-02,28181
2001-02,21
2001-02,587
2001-02,5802
2001-02,34322
2001-02,13402
2001-02,7100
2001-02,7392
2001-02,20955
2001-02,12930
2001-02,2633
2001-02,0
2001-02,6351
2001-02,5064
2001-02,24752
2001-02,11855
2001-02,14112
2001-02,15936
2001-02,5076
2001-02,2906
2001-02,3868
2001-02,2740
2001-02,2897
2001-02,7537
2001-02,11505
2001-02,24393
2001-02,1893
2001-02,22710
2001-02,14633
2001-02,10541
2001-02,36228
2001-02,439
2001-02,775
2001-02,11912
2001-02,2359
2001-02,19682
2001-02,51017
2001-02,5574
2001-02,1460
2001-02,0
2001-02,15198
2001-02,11536
2001-02,10844
2001-02,13312
2001-02,2598
2001-01,17733
2001-01,2409
2001-01,11279
2001-01,12669
2001-01,60935
2001-01,23654
2001-01,7118
2001-01,1096
2001-01,0
2001-01,23164
2001-01,26033
2001-01,28
2001-01,684
2001-01,5395
2001-01,36000
2001-01,12951
2001-01,8747
2001-01,7760
2001-01,17820
2001-01,12131
2001-01,2587
2001-01,20
2001-01,5579
2001-01,5293
2001-01,23873
2001-01,11063
2001-01,11451
2001-01,14123
2001-01,4342
2001-01,3221
2001-01,3675
2001-01,2858
2001-01,3187
2001-01,6254
2001-01,11329
2001-01,23334
2001-01,1929
2001-01,19819
2001-01,12757
2001-01,9562
2001-01,34202
2001-01,402
2001-01,768
2001-01,10507
2001-01,2306
2001-01,17548
2001-01,51492
2001-01,4637
2001-01,1030
2001-01,0
2001-01,13793
2001-01,11703
2001-01,9167
2001-01,10043
2001-01,2456
,8820045
,
2000-12,34362
2000-12,3960
2000-12,15929
2000-12,19936
2000-12,98293
2000-12,37766
2000-12,7310
2000-12,2205
2000-12,0
2000-12,34910
2000-12,49593
2000-12,37
2000-12,468
2000-12,8076
2000-12,39724
2000-12,18979
2000-12,10694
2000-12,12932
2000-12,29852
2000-12,25347
2000-12,4316
2000-12,0
2000-12,8374
2000-12,5394
2000-12,29391
2000-12,14388
2000-12,24206
2000-12,23599
2000-12,6878
2000-12,5924
2000-12,5878
2000-12,3978
2000-12,3756
2000-12,9256
2000-12,17089
2000-12,38569
2000-12,2688
2000-12,32981
2000-12,19582
2000-12,15658
2000-12,45608
2000-12,478
2000-12,841
2000-12,18573
2000-12,3958
2000-12,33316
2000-12,83133
2000-12,10627
2000-12,1716
2000-12,0
2000-12,24348
2000-12,14664
2000-12,14371
2000-12,15838
2000-12,3907
2000-11,27199
2000-11,2926
2000-11,11402
2000-11,22007
2000-11,74834
2000-11,29512
2000-11,7360
2000-11,2002
2000-11,3
2000-11,26210
2000-11,34476
2000-11,24
2000-11,539
2000-11,6372
2000-11,42378
2000-11,21201
2000-11,11298
2000-11,12176
2000-11,25539
2000-11,21321
2000-11,4343
2000-11,4
2000-11,9620
2000-11,6017
2000-11,35147
2000-11,15027
2000-11,21595
2000-11,22725
2000-11,5138
2000-11,5671
2000-11,3845
2000-11,4180
2000-11,4110
2000-11,7173
2000-11,19475
2000-11,31520
2000-11,2849
2000-11,34890
2000-11,17563
2000-11,11332
2000-11,54089
2000-11,388
2000-11,957
2000-11,13827
2000-11,3717
2000-11,26567
2000-11,66996
2000-11,5848
2000-11,2181
2000-11,0
2000-11,21270
2000-11,11741
2000-11,16591
2000-11,20647
2000-11,2725
2000-10,19647
2000-10,5136
2000-10,12289
2000-10,17174
2000-10,62588
2000-10,30224
2000-10,7838
2000-10,1612
2000-10,0
2000-10,23888
2000-10,33658
2000-10,26
2000-10,630
2000-10,7606
2000-10,43841
2000-10,18026
2000-10,10620
2000-10,10516
2000-10,21371
2000-10,19434
2000-10,7569
2000-10,0
2000-10,8461
2000-10,6334
2000-10,33831
2000-10,25793
2000-10,15286
2000-10,21208
2000-10,8972
2000-10,6470
2000-10,3991
2000-10,4585
2000-10,3278
2000-10,8509
2000-10,19620
2000-10,26848
2000-10,4742
2000-10,25035
2000-10,14820
2000-10,11427
2000-10,48477
2000-10,458
2000-10,867
2000-10,11497
2000-10,6187
2000-10,20079
2000-10,62872
2000-10,6522
2000-10,2688
2000-10,0
2000-10,17457
2000-10,14792
2000-10,13650
2000-10,24736
2000-10,3178
2000-09,19885
2000-09,3553
2000-09,12278
2000-09,15732
2000-09,59837
2000-09,28974
2000-09,6702
2000-09,1275
2000-09,0
2000-09,21001
2000-09,29985
2000-09,23
2000-09,726
2000-09,8558
2000-09,37925
2000-09,16661
2000-09,7692
2000-09,8008
2000-09,20108
2000-09,17801
2000-09,5814
2000-09,7
2000-09,7892
2000-09,5253
2000-09,32946
2000-09,25944
2000-09,14049
2000-09,16137
2000-09,7916
2000-09,4234
2000-09,4303
2000-09,4217
2000-09,3014
2000-09,7268
2000-09,17307
2000-09,23661
2000-09,4236
2000-09,24115
2000-09,13080
2000-09,15228
2000-09,41872
2000-09,487
2000-09,754
2000-09,11329
2000-09,4695
2000-09,19087
2000-09,65110
2000-09,7019
2000-09,2231
2000-09,0
2000-09,16397
2000-09,13685
2000-09,12058
2000-09,22239
2000-09,3838
2000-08,16404
2000-08,3842
2000-08,12126
2000-08,12734
2000-08,63724
2000-08,25582
2000-08,7379
2000-08,1042
2000-08,1
2000-08,21096
2000-08,26402
2000-08,22
2000-08,651
2000-08,6093
2000-08,42307
2000-08,14154
2000-08,5660
2000-08,6776
2000-08,18049
2000-08,13738
2000-08,3651
2000-08,0
2000-08,6441
2000-08,6178
2000-08,22187
2000-08,17129
2000-08,13038
2000-08,13907
2000-08,5561
2000-08,3197
2000-08,3738
2000-08,3266
2000-08,3049
2000-08,6678
2000-08,13188
2000-08,23641
2000-08,2931
2000-08,20887
2000-08,11635
2000-08,10244
2000-08,34999
2000-08,546
2000-08,699
2000-08,11491
2000-08,3181
2000-08,19449
2000-08,59994
2000-08,5111
2000-08,1544
2000-08,0
2000-08,13970
2000-08,11248
2000-08,9060
2000-08,14009
2000-08,2765
2000-07,12451
2000-07,3259
2000-07,10557
2000-07,9266
2000-07,60311
2000-07,19290
2000-07,6172
2000-07,912
2000-07,1
2000-07,17903
2000-07,21094
2000-07,30
2000-07,574
2000-07,5189
2000-07,27627
2000-07,11283
2000-07,3875
2000-07,5153
2000-07,13354
2000-07,10187
2000-07,2686
2000-07,0
2000-07,5403
2000-07,5133
2000-07,19471
2000-07,10839
2000-07,9271
2000-07,10612
2000-07,4646
2000-07,2329
2000-07,3585
2000-07,2775
2000-07,2574
2000-07,5401
2000-07,10067
2000-07,17014
2000-07,1904
2000-07,14878
2000-07,9467
2000-07,8159
2000-07,31171
2000-07,374
2000-07,595
2000-07,7514
2000-07,2094
2000-07,16221
2000-07,45518
2000-07,3953
2000-07,1206
2000-07,0
2000-07,11886
2000-07,9156
2000-07,7743
2000-07,9498
2000-07,2267
2000-06,12944
2000-06,2959
2000-06,10755
2000-06,9758
2000-06,64614
2000-06,20632
2000-06,6779
2000-06,880
2000-06,0
2000-06,18875
2000-06,20972
2000-06,22
2000-06,489
2000-06,5350
2000-06,28722
2000-06,13005
2000-06,4003
2000-06,5205
2000-06,13879
2000-06,9653
2000-06,2406
2000-06,0
2000-06,5364
2000-06,5311
2000-06,18150
2000-06,10808
2000-06,9220
2000-06,11085
2000-06,5328
2000-06,2137
2000-06,3611
2000-06,2697
2000-06,2934
2000-06,6040
2000-06,9527
2000-06,17839
2000-06,1973
2000-06,15730
2000-06,10371
2000-06,9375
2000-06,31442
2000-06,454
2000-06,682
2000-06,7483
2000-06,1905
2000-06,12596
2000-06,42043
2000-06,3964
2000-06,1130
2000-06,0
2000-06,11129
2000-06,8910
2000-06,7397
2000-06,9160
2000-06,2339
2000-05,11832
2000-05,3069
2000-05,10782
2000-05,9462
2000-05,62909
2000-05,17670
2000-05,6932
2000-05,870
2000-05,2
2000-05,18427
2000-05,19557
2000-05,18
2000-05,452
2000-05,5278
2000-05,30664
2000-05,11238
2000-05,4179
2000-05,5493
2000-05,12913
2000-05,9066
2000-05,2434
2000-05,2
2000-05,5508
2000-05,2673
2000-05,18250
2000-05,10317
2000-05,8458
2000-05,10574
2000-05,5222
2000-05,2202
2000-05,3799
2000-05,2498
2000-05,2746
2000-05,5759
2000-05,10157
2000-05,16974
2000-05,1948
2000-05,15379
2000-05,9323
2000-05,9236
2000-05,32796
2000-05,425
2000-05,669
2000-05,6810
2000-05,1901
2000-05,12968
2000-05,41947
2000-05,4006
2000-05,1222
2000-05,0
2000-05,11352
2000-05,8880
2000-05,7143
2000-05,9928
2000-05,2202
2000-04,13017
2000-04,3432
2000-04,11946
2000-04,10908
2000-04,65796
2000-04,21778
2000-04,7021
2000-04,1108
2000-04,3
2000-04,18712
2000-04,21741
2000-04,15
2000-04,419
2000-04,6281
2000-04,34673
2000-04,13284
2000-04,5501
2000-04,5896
2000-04,16387
2000-04,9776
2000-04,2966
2000-04,0
2000-04,7440
2000-04,3600
2000-04,22333
2000-04,14781
2000-04,9147
2000-04,14225
2000-04,5744
2000-04,2650
2000-04,3963
2000-04,3115
2000-04,2986
2000-04,6240
2000-04,12524
2000-04,18841
2000-04,2498
2000-04,21170
2000-04,11516
2000-04,10993
2000-04,39189
2000-04,406
2000-04,784
2000-04,7565
2000-04,2300
2000-04,14344
2000-04,42204
2000-04,4379
2000-04,1708
2000-04,0
2000-04,13361
2000-04,9711
2000-04,9255
2000-04,14441
2000-04,2563
2000-03,17001
2000-03,3054
2000-03,14125
2000-03,13984
2000-03,64895
2000-03,27658
2000-03,8787
2000-03,1251
2000-03,2
2000-03,21673
2000-03,30832
2000-03,23
2000-03,574
2000-03,6711
2000-03,44109
2000-03,15093
2000-03,7994
2000-03,8355
2000-03,19364
2000-03,12336
2000-03,3514
2000-03,0
2000-03,7482
2000-03,3547
2000-03,25935
2000-03,17218
2000-03,12341
2000-03,16401
2000-03,6002
2000-03,3531
2000-03,4424
2000-03,3362
2000-03,3267
2000-03,7724
2000-03,12957
2000-03,24942
2000-03,2656
2000-03,24696
2000-03,12702
2000-03,12475
2000-03,48600
2000-03,620
2000-03,939
2000-03,10773
2000-03,2500
2000-03,19940
2000-03,51666
2000-03,5549
2000-03,1961
2000-03,0
2000-03,17908
2000-03,11763
2000-03,10855
2000-03,16615
2000-03,3047
2000-02,19309
2000-02,2620
2000-02,13882
2000-02,16075
2000-02,58905
2000-02,24812
2000-02,7645
2000-02,1133
2000-02,1
2000-02,22271
2000-02,34114
2000-02,16
2000-02,511
2000-02,6340
2000-02,38528
2000-02,14732
2000-02,7661
2000-02,8219
2000-02,21621
2000-02,13280
2000-02,2723
2000-02,0
2000-02,6566
2000-02,2825
2000-02,21793
2000-02,12752
2000-02,15169
2000-02,16933
2000-02,5301
2000-02,3284
2000-02,4432
2000-02,2694
2000-02,2778
2000-02,7687
2000-02,11106
2000-02,27125
2000-02,2099
2000-02,24204
2000-02,14972
2000-02,11551
2000-02,37931
2000-02,418
2000-02,853
2000-02,11851
2000-02,2288
2000-02,21178
2000-02,52861
2000-02,5831
2000-02,1590
2000-02,0
2000-02,15794
2000-02,10534
2000-02,11546
2000-02,13013
2000-02,2956
2000-01,17860
2000-01,2149
2000-01,12192
2000-01,12592
2000-01,57800
2000-01,23614
2000-01,7661
2000-01,1057
2000-01,4
2000-01,21069
2000-01,29933
2000-01,23
2000-01,576
2000-01,5284
2000-01,39273
2000-01,14663
2000-01,8619
2000-01,7987
2000-01,17459
2000-01,12767
2000-01,2606
2000-01,0
2000-01,5758
2000-01,2578
2000-01,21227
2000-01,10104
2000-01,12200
2000-01,14172
2000-01,4407
2000-01,3196
2000-01,4238
2000-01,2753
2000-01,2614
2000-01,6299
2000-01,10957
2000-01,23910
2000-01,1834
2000-01,20200
2000-01,11957
2000-01,9658
2000-01,35120
2000-01,247
2000-01,774
2000-01,9905
2000-01,1997
2000-01,18928
2000-01,48626
2000-01,4611
2000-01,1123
2000-01,0
2000-01,13636
2000-01,9171
2000-01,8589
2000-01,10368
2000-01,2508
,8427096
,
1999-12,41183
1999-12,4264
1999-12,21521
1999-12,26058
1999-12,136278
1999-12,45397
1999-12,8376
1999-12,2969
1999-12,2
1999-12,42811
1999-12,69293
1999-12,27
1999-12,671
1999-12,9279
1999-12,51796
1999-12,24798
1999-12,14055
1999-12,15001
1999-12,35408
1999-12,30592
1999-12,4952
1999-12,0
1999-12,12006
1999-12,3498
1999-12,38582
1999-12,18623
1999-12,28891
1999-12,28781
1999-12,7228
1999-12,7161
1999-12,8365
1999-12,4776
1999-12,4667
1999-12,12123
1999-12,20415
1999-12,47921
1999-12,3317
1999-12,41496
1999-12,24255
1999-12,20817
1999-12,57974
1999-12,492
1999-12,1225
1999-12,22136
1999-12,3964
1999-12,41637
1999-12,102015
1999-12,12150
1999-12,2425
1999-12,0
1999-12,29812
1999-12,17746
1999-12,15911
1999-12,18952
1999-12,4241
1999-11,29445
1999-11,3169
1999-11,13714
1999-11,23946
1999-11,90391
1999-11,30811
1999-11,6614
1999-11,2403
1999-11,0
1999-11,28490
1999-11,41109
1999-11,23
1999-11,566
1999-11,6794
1999-11,53201
1999-11,22242
1999-11,10984
1999-11,13783
1999-11,28229
1999-11,23991
1999-11,4744
1999-11,13
1999-11,11506
1999-11,3151
1999-11,39395
1999-11,17026
1999-11,23713
1999-11,24418
1999-11,5777
1999-11,6204
1999-11,5350
1999-11,4288
1999-11,4468
1999-11,8119
1999-11,20639
1999-11,34673
1999-11,2885
1999-11,38940
1999-11,19020
1999-11,18094
1999-11,66033
1999-11,480
1999-11,1072
1999-11,15056
1999-11,3713
1999-11,28471
1999-11,70540
1999-11,7607
1999-11,2440
1999-11,0
1999-11,23033
1999-11,11957
1999-11,17481
1999-11,22690
1999-11,2993
1999-10,22484
1999-10,5723
1999-10,14916
1999-10,19388
1999-10,77927
1999-10,32436
1999-10,7326
1999-10,1930
1999-10,5
1999-10,25667
1999-10,42171
1999-10,20
1999-10,414
1999-10,8614
1999-10,49471
1999-10,19328
1999-10,11017
1999-10,11495
1999-10,23993
1999-10,21964
1999-10,8503
1999-10,0
1999-10,9070
1999-10,3332
1999-10,35334
1999-10,26815
1999-10,18299
1999-10,23087
1999-10,9588
1999-10,6563
1999-10,5044
1999-10,4974
1999-10,3650
1999-10,9754
1999-10,20254
1999-10,29922
1999-10,4745
1999-10,29770
1999-10,16106
1999-10,13688
1999-10,56297
1999-10,513
1999-10,1102
1999-10,12889
1999-10,5524
1999-10,23761
1999-10,68080
1999-10,8016
1999-10,3129
1999-10,0
1999-10,20783
1999-10,15494
1999-10,16359
1999-10,24664
1999-10,3524
1999-09,20181
1999-09,3623
1999-09,14141
1999-09,17580
1999-09,70519
1999-09,25084
1999-09,6599
1999-09,1508
1999-09,0
1999-09,20399
1999-09,33203
1999-09,32
1999-09,451
1999-09,8510
1999-09,42852
1999-09,15027
1999-09,8224
1999-09,8454
1999-09,19990
1999-09,19591
1999-09,6213
1999-09,0
1999-09,7221
1999-09,2344
1999-09,31658
1999-09,25704
1999-09,14959
1999-09,17471
1999-09,7592
1999-09,4628
1999-09,5328
1999-09,4198
1999-09,3058
1999-09,7656
1999-09,17319
1999-09,24381
1999-09,4149
1999-09,25418
1999-09,13797
1999-09,15553
1999-09,45129
1999-09,540
1999-09,860
1999-09,12646
1999-09,3959
1999-09,19384
1999-09,65731
1999-09,7355
1999-09,2603
1999-09,0
1999-09,17429
1999-09,12125
1999-09,11904
1999-09,21306
1999-09,3724
1999-08,17095
1999-08,4243
1999-08,13491
1999-08,13582
1999-08,70183
1999-08,20607
1999-08,6899
1999-08,1270
1999-08,2
1999-08,20093
1999-08,30659
1999-08,22
1999-08,462
1999-08,6435
1999-08,38023
1999-08,15226
1999-08,5841
1999-08,7834
1999-08,18205
1999-08,14292
1999-08,4036
1999-08,38
1999-08,6157
1999-08,2045
1999-08,23906
1999-08,18249
1999-08,13121
1999-08,14727
1999-08,5995
1999-08,3534
1999-08,4839
1999-08,3514
1999-08,3122
1999-08,7147
1999-08,13126
1999-08,23651
1999-08,2710
1999-08,22262
1999-08,12145
1999-08,11452
1999-08,43037
1999-08,449
1999-08,837
1999-08,11834
1999-08,2730
1999-08,19662
1999-08,57184
1999-08,5330
1999-08,1752
1999-08,0
1999-08,15158
1999-08,10532
1999-08,9226
1999-08,13962
1999-08,3047
1999-07,14795
1999-07,3744
1999-07,13032
1999-07,10897
1999-07,65646
1999-07,10758
1999-07,4940
1999-07,901
1999-07,2
1999-07,20004
1999-07,25560
1999-07,12
1999-07,492
1999-07,6015
1999-07,29826
1999-07,12594
1999-07,4152
1999-07,6148
1999-07,15838
1999-07,12224
1999-07,2758
1999-07,0
1999-07,5564
1999-07,1735
1999-07,18442
1999-07,10093
1999-07,11045
1999-07,11503
1999-07,5173
1999-07,2458
1999-07,4521
1999-07,2944
1999-07,2751
1999-07,6546
1999-07,9838
1999-07,18917
1999-07,1947
1999-07,17398
1999-07,10499
1999-07,11891
1999-07,35319
1999-07,357
1999-07,749
1999-07,9706
1999-07,1773
1999-07,17775
1999-07,50160
1999-07,4538
1999-07,1320
1999-07,0
1999-07,14252
1999-07,9308
1999-07,8507
1999-07,9754
1999-07,2513
1999-06,14651
1999-06,3201
1999-06,12575
1999-06,10518
1999-06,65298
1999-06,10842
1999-06,6931
1999-06,918
1999-06,1
1999-06,19383
1999-06,24957
1999-06,14
1999-06,432
1999-06,5166
1999-06,31962
1999-06,14030
1999-06,4433
1999-06,6027
1999-06,14373
1999-06,11232
1999-06,2256
1999-06,0
1999-06,5438
1999-06,1542
1999-06,17867
1999-06,9734
1999-06,9781
1999-06,11666
1999-06,5236
1999-06,2357
1999-06,4520
1999-06,2504
1999-06,2743
1999-06,6806
1999-06,11237
1999-06,18957
1999-06,1621
1999-06,16514
1999-06,10679
1999-06,11036
1999-06,34503
1999-06,376
1999-06,719
1999-06,8670
1999-06,1464
1999-06,16197
1999-06,46105
1999-06,4393
1999-06,1142
1999-06,0
1999-06,13169
1999-06,9520
1999-06,7481
1999-06,9133
1999-06,2602
1999-05,14043
1999-05,3278
1999-05,13186
1999-05,10105
1999-05,61497
1999-05,10605
1999-05,8202
1999-05,1095
1999-05,1
1999-05,18891
1999-05,25163
1999-05,3
1999-05,343
1999-05,5677
1999-05,32377
1999-05,15176
1999-05,4412
1999-05,5975
1999-05,13777
1999-05,10248
1999-05,2490
1999-05,0
1999-05,5091
1999-05,1449
1999-05,18959
1999-05,9467
1999-05,9395
1999-05,11831
1999-05,5203
1999-05,2389
1999-05,4667
1999-05,2779
1999-05,2719
1999-05,6475
1999-05,14696
1999-05,17945
1999-05,1747
1999-05,18019
1999-05,10631
1999-05,11186
1999-05,36831
1999-05,435
1999-05,762
1999-05,8808
1999-05,1491
1999-05,15515
1999-05,44247
1999-05,5333
1999-05,1156
1999-05,0
1999-05,13730
1999-05,9134
1999-05,7361
1999-05,10694
1999-05,2531
1999-04,14823
1999-04,3931
1999-04,14575
1999-04,11521
1999-04,62654
1999-04,11739
1999-04,9111
1999-04,1081
1999-04,2
1999-04,19219
1999-04,26828
1999-04,2
1999-04,476
1999-04,6507
1999-04,38343
1999-04,16525
1999-04,6029
1999-04,6682
1999-04,17439
1999-04,10733
1999-04,2765
1999-04,0
1999-04,6116
1999-04,1766
1999-04,21994
1999-04,12274
1999-04,10735
1999-04,15281
1999-04,5844
1999-04,2859
1999-04,4785
1999-04,2940
1999-04,3026
1999-04,7082
1999-04,17394
1999-04,19965
1999-04,1748
1999-04,22586
1999-04,12221
1999-04,12486
1999-04,43248
1999-04,363
1999-04,806
1999-04,9358
1999-04,1783
1999-04,17000
1999-04,45727
1999-04,5987
1999-04,1599
1999-04,0
1999-04,13933
1999-04,9229
1999-04,9908
1999-04,14936
1999-04,2702
1999-03,19424
1999-03,3206
1999-03,14992
1999-03,13720
1999-03,68327
1999-03,17287
1999-03,7877
1999-03,1314
1999-03,2
1999-03,23492
1999-03,33756
1999-03,6
1999-03,447
1999-03,6357
1999-03,43089
1999-03,16938
1999-03,7691
1999-03,8992
1999-03,20740
1999-03,14239
1999-03,3379
1999-03,0
1999-03,10579
1999-03,1593
1999-03,25251
1999-03,13747
1999-03,13857
1999-03,17567
1999-03,6106
1999-03,3475
1999-03,5363
1999-03,1865
1999-03,3283
1999-03,8341
1999-03,17668
1999-03,25738
1999-03,2055
1999-03,24939
1999-03,13343
1999-03,13267
1999-03,51500
1999-03,445
1999-03,925
1999-03,12282
1999-03,1852
1999-03,23035
1999-03,54096
1999-03,6021
1999-03,1941
1999-03,0
1999-03,17193
1999-03,10551
1999-03,10867
1999-03,14891
1999-03,2776
1999-02,20583
1999-02,2413
1999-02,14546
1999-02,15348
1999-02,57471
1999-02,22239
1999-02,8069
1999-02,1077
1999-02,3
1999-02,22252
1999-02,36251
1999-02,7
1999-02,327
1999-02,5480
1999-02,38449
1999-02,15961
1999-02,7222
1999-02,7694
1999-02,22311
1999-02,14060
1999-02,2745
1999-02,0
1999-02,6602
1999-02,1016
1999-02,20335
1999-02,9473
1999-02,15882
1999-02,16814
1999-02,5009
1999-02,3172
1999-02,4869
1999-02,1465
1999-02,2616
1999-02,7686
1999-02,13144
1999-02,25866
1999-02,1600
1999-02,23524
1999-02,14651
1999-02,11276
1999-02,39417
1999-02,338
1999-02,786
1999-02,12565
1999-02,1685
1999-02,23304
1999-02,55148
1999-02,5933
1999-02,1668
1999-02,0
1999-02,16053
1999-02,9383
1999-02,11206
1999-02,10578
1999-02,2643
1999-01,18049
1999-01,2278
1999-01,12859
1999-01,11953
1999-01,56953
1999-01,19503
1999-01,6265
1999-01,1128
1999-01,1
1999-01,18999
1999-01,20860
1999-01,2
1999-01,262
1999-01,5080
1999-01,35459
1999-01,15337
1999-01,8162
1999-01,8023
1999-01,17909
1999-01,12849
1999-01,2319
1999-01,0
1999-01,6031
1999-01,843
1999-01,16046
1999-01,6724
1999-01,12436
1999-01,13490
1999-01,4276
1999-01,3159
1999-01,4724
1999-01,1464
1999-01,2498
1999-01,6671
1999-01,10897
1999-01,21771
1999-01,1340
1999-01,16731
1999-01,12089
1999-01,9612
1999-01,32267
1999-01,402
1999-01,834
1999-01,9543
1999-01,1389
1999-01,18473
1999-01,50992
1999-01,5055
1999-01,1043
1999-01,0
1999-01,14009
1999-01,8695
1999-01,8260
1999-01,7780
1999-01,2180
,9043747
,